compartment,donor,n_cells,n_nonconstant_genes,shrinkage
Hepatocyte,P1TLH,96,696,0.694157773848206
Hepatocyte,P2TLH,629,699,0.23268538367705943
Hepatocyte,P3TLH,2621,705,0.0513229513016079
Hepatocyte,P4TLH,43,678,0.5762635114141885
Hepatocyte,P5TLH,112,692,0.41693255798190815
Endothelial,P1TLH,212,712,0.4233205931429367
Endothelial,P2TLH,85,705,0.5752745439472129
Endothelial,P3TLH,156,703,0.4808629223820148
Endothelial,P4TLH,151,714,0.43668719462643635
Endothelial,P5TLH,240,713,0.5015075757172119
Macrophage,P1TLH,283,708,0.1781485697269251
Macrophage,P2TLH,123,695,0.5920578927270802
Macrophage,P3TLH,244,706,0.30188202664002206
Macrophage,P4TLH,294,702,0.31630060525920195
Macrophage,P5TLH,248,705,0.3293564357852202
