compartment,donor,target,n_cells,n_detected_cells,detection_fraction,mean_expression
Hepatocyte,P1TLH,PDGFRA,96,1,0.010416666666666666,0.0024342453125
Hepatocyte,P1TLH,FLT4,96,0,0.0,0.0
Hepatocyte,P2TLH,PDGFRA,629,3,0.0047694753577106515,0.009040951351351353
Hepatocyte,P2TLH,FLT4,629,2,0.003179650238473768,0.004934148489666137
Hepatocyte,P3TLH,PDGFRA,2621,4,0.0015261350629530714,0.0013502477642121328
Hepatocyte,P3TLH,FLT4,2621,2,0.0007630675314765357,0.0010933459748187714
Hepatocyte,P4TLH,PDGFRA,43,0,0.0,0.0
Hepatocyte,P4TLH,FLT4,43,0,0.0,0.0
Hepatocyte,P5TLH,PDGFRA,112,0,0.0,0.0
Hepatocyte,P5TLH,FLT4,112,0,0.0,0.0
Endothelial,P1TLH,PDGFRA,212,18,0.08490566037735849,0.07444603731132075
Endothelial,P1TLH,FLT4,212,64,0.3018867924528302,0.2980481835377359
Endothelial,P2TLH,PDGFRA,85,1,0.011764705882352941,0.03372438823529412
Endothelial,P2TLH,FLT4,85,10,0.11764705882352941,0.14389107682352942
Endothelial,P3TLH,PDGFRA,156,2,0.01282051282051282,0.02183953717948718
Endothelial,P3TLH,FLT4,156,6,0.038461538461538464,0.04862623435897435
Endothelial,P4TLH,PDGFRA,151,9,0.059602649006622516,0.06078091596026489
Endothelial,P4TLH,FLT4,151,25,0.16556291390728478,0.18341711092715232
Endothelial,P5TLH,PDGFRA,240,3,0.0125,0.0029927215416666667
Endothelial,P5TLH,FLT4,240,45,0.1875,0.14643557354999998
Macrophage,P1TLH,PDGFRA,283,1,0.0035335689045936395,0.0018768681978798584
Macrophage,P1TLH,FLT4,283,7,0.024734982332155476,0.01200942480565371
Macrophage,P2TLH,PDGFRA,123,0,0.0,0.0
Macrophage,P2TLH,FLT4,123,2,0.016260162601626018,0.01687973333333333
Macrophage,P3TLH,PDGFRA,244,0,0.0,0.0
Macrophage,P3TLH,FLT4,244,4,0.01639344262295082,0.02478029508196721
Macrophage,P4TLH,PDGFRA,294,1,0.003401360544217687,0.012577637414965986
Macrophage,P4TLH,FLT4,294,0,0.0,0.0
Macrophage,P5TLH,PDGFRA,248,0,0.0,0.0
Macrophage,P5TLH,FLT4,248,0,0.0,0.0
