compartment,intervention,fraction_incident_edge_attenuation,clinical_weighted_relative_change
Hepatocyte,PDGFRA,0.0,0.0
Hepatocyte,FLT4,0.0,0.0
Hepatocyte,PDGFRA+FLT4,0.0,0.0
Hepatocyte,PDGFRA,0.25,7.092434039805031e-07
Hepatocyte,FLT4,0.25,1.2133914607908207e-07
Hepatocyte,PDGFRA+FLT4,0.25,8.305877744211547e-07
Hepatocyte,PDGFRA,0.5,1.4240711976872574e-06
Hepatocyte,FLT4,0.5,2.428430382766993e-07
Hepatocyte,PDGFRA+FLT4,0.5,1.6669352111873408e-06
Hepatocyte,PDGFRA,0.75,2.144638907725103e-06
Hepatocyte,FLT4,0.75,3.645122349465728e-07
Hepatocyte,PDGFRA+FLT4,0.75,2.509198514942603e-06
Hepatocyte,PDGFRA,1.0,2.87110995510459e-06
Hepatocyte,FLT4,1.0,4.863472983548487e-07
Hepatocyte,PDGFRA+FLT4,1.0,3.357541792811413e-06
Endothelial,PDGFRA,0.0,0.0
Endothelial,FLT4,0.0,0.0
Endothelial,PDGFRA+FLT4,0.0,0.0
Endothelial,PDGFRA,0.25,4.8409560433540785e-05
Endothelial,FLT4,0.25,9.298046559199516e-06
Endothelial,PDGFRA+FLT4,0.25,4.989810308444346e-05
Endothelial,PDGFRA,0.5,9.925178807302771e-05
Endothelial,FLT4,0.5,1.8786463470181307e-05
Endothelial,PDGFRA+FLT4,0.5,0.0001022886695410616
Endothelial,PDGFRA,0.75,0.00015273978811135847
Endothelial,FLT4,0.75,2.84715369885406e-05
Endothelial,PDGFRA+FLT4,0.75,0.00015738783799662594
Endothelial,PDGFRA,1.0,0.00020911329766450841
Endothelial,FLT4,1.0,3.835984217540841e-05
Endothelial,PDGFRA+FLT4,1.0,0.00021543857657779005
Macrophage,PDGFRA,0.0,0.0
Macrophage,FLT4,0.0,0.0
Macrophage,PDGFRA+FLT4,0.0,0.0
Macrophage,PDGFRA,0.25,5.537350330564162e-05
Macrophage,FLT4,0.25,3.7852209597497245e-05
Macrophage,PDGFRA+FLT4,0.25,9.359481808900619e-05
Macrophage,PDGFRA,0.5,0.0001114079222090833
Macrophage,FLT4,0.5,7.599006729579115e-05
Macrophage,PDGFRA+FLT4,0.5,0.00018889611887222514
Macrophage,PDGFRA,0.75,0.00016811537608402754
Macrophage,FLT4,0.75,0.00011442113748620793
Macrophage,PDGFRA+FLT4,0.75,0.00028595724014669467
Macrophage,PDGFRA,1.0,0.0002255082844753681
Macrophage,FLT4,1.0,0.00015315368983887515
Macrophage,PDGFRA+FLT4,1.0,0.00038483403152543143
