compartment,target,matched_gene,match_distance,target_mean,matched_mean,target_detection,matched_detection,target_degree,matched_degree
Hepatocyte,PDGFRA,COL1A1,0.12415344985064332,0.002565088885612697,0.00315945846485977,0.003342455417466078,0.0019458828624616265,0.3080261734792286,0.26099831023690845
Hepatocyte,PDGFRA,COL1A2,0.13838164240015688,0.002565088885612697,0.0035537878804845478,0.003342455417466078,0.004853427444995549,0.3080261734792286,0.3971775025280685
Hepatocyte,PDGFRA,RET,0.14715094337258247,0.002565088885612697,0.0032337124858263524,0.003342455417466078,0.005280783209475671,0.3080261734792286,0.3755249550047621
Hepatocyte,PDGFRA,PDGFA,0.17967721898226924,0.002565088885612697,0.0015997188773008036,0.003342455417466078,0.001335428837280398,0.3080261734792286,0.25415416376937633
Hepatocyte,PDGFRA,SLC7A11,0.20637291457891807,0.002565088885612697,0.0020194487505564036,0.003342455417466078,0.0064026135062953075,0.3080261734792286,0.2420563181341169
Hepatocyte,PDGFRA,FGF2,0.23447762119456644,0.002565088885612697,0.001328531912247234,0.003342455417466078,0.0011446012972148036,0.3080261734792286,0.18441442754104234
Hepatocyte,PDGFRA,PDGFRB,0.26352195356486174,0.002565088885612697,0.007267521673753276,0.003342455417466078,0.00666709567190973,0.3080261734792286,0.4682965172245347
Hepatocyte,PDGFRA,NQO1,0.3836964213157687,0.002565088885612697,0.005125549814745353,0.003342455417466078,0.010113864678242889,0.3080261734792286,0.4133980070475145
Hepatocyte,PDGFRA,SRC,0.4427324929184618,0.002565088885612697,0.007796437093599544,0.003342455417466078,0.006951976708272014,0.3080261734792286,0.7178092849480364
Hepatocyte,PDGFRA,PDGFB,0.47106752577347,0.002565088885612697,0.023138797155836253,0.003342455417466078,0.006787873193224896,0.3080261734792286,0.7608058128297316
Hepatocyte,PDGFRA,TGFB1,0.6431937585488464,0.002565088885612697,0.010800545265337202,0.003342455417466078,0.016030630829932845,0.3080261734792286,0.6081679168799358
Hepatocyte,PDGFRA,BCL2,0.6968784601616577,0.002565088885612697,0.0073732592783808375,0.003342455417466078,0.012922225718194924,0.3080261734792286,0.8818295872655901
Hepatocyte,PDGFRA,LCK,0.7620010903028458,0.002565088885612697,0.00804506011331223,0.003342455417466078,0.022647001560247515,0.3080261734792286,0.4638930183852044
Hepatocyte,PDGFRA,ACTA2,0.7871933273993987,0.002565088885612697,0.023266294296745947,0.003342455417466078,0.018313473461895838,0.3080261734792286,0.813141361477988
Hepatocyte,PDGFRA,SMAD3,1.2627419514196332,0.002565088885612697,0.030436636389519524,0.003342455417466078,0.04109617038912659,0.3080261734792286,1.1048826131659517
Hepatocyte,PDGFRA,CASP8,1.3919782781196708,0.002565088885612697,0.041757288914645266,0.003342455417466078,0.050926507822551224,0.3080261734792286,1.1683760882820078
Hepatocyte,PDGFRA,CASP3,1.5637216451261162,0.002565088885612697,0.05518813710333723,0.003342455417466078,0.06524513188683814,0.3080261734792286,1.30021920481702
Hepatocyte,PDGFRA,ABCB11,1.6642346687275085,0.002565088885612697,0.07287957885835475,0.003342455417466078,0.0895541406469041,0.3080261734792286,1.0199239623997545
Hepatocyte,PDGFRA,SMAD2,1.7627676462215334,0.002565088885612697,0.08052802023771467,0.003342455417466078,0.09759468313714025,0.3080261734792286,1.198258052220088
Hepatocyte,PDGFRA,HMOX1,1.8130220494447433,0.002565088885612697,0.09357124022660228,0.003342455417466078,0.12071247736657824,0.3080261734792286,0.8467626546689341
Hepatocyte,PDGFRA,KEAP1,1.9075304510805837,0.002565088885612697,0.09213685364781889,0.003342455417466078,0.1044333160801562,0.3080261734792286,1.5817499252839444
Hepatocyte,PDGFRA,BAX,1.9157597639806483,0.002565088885612697,0.10630693158722368,0.003342455417466078,0.12590787075199775,0.3080261734792286,1.17286710979359
Hepatocyte,PDGFRA,XIST,1.9534144673976834,0.002565088885612697,0.21672249294544083,0.003342455417466078,0.12796642502861505,0.3080261734792286,1.1440316093716254
Hepatocyte,PDGFRA,VIM,1.9969657433007604,0.002565088885612697,0.15521407323066852,0.003342455417466078,0.13771785890663474,0.3080261734792286,1.2247310898245813
Hepatocyte,PDGFRA,TXNRD1,2.0747065753369105,0.002565088885612697,0.1286991476454989,0.003342455417466078,0.15103975406944076,0.3080261734792286,1.3363310402168795
Hepatocyte,PDGFRA,ABCB1,2.109102941805995,0.002565088885612697,0.1306168954449808,0.003342455417466078,0.17476546481454816,0.3080261734792286,1.0543939967651332
Hepatocyte,PDGFRA,UGT1A1,2.2446500584830598,0.002565088885612697,0.17110534434617017,0.003342455417466078,0.166439143705864,0.3080261734792286,1.7458768684408745
Hepatocyte,PDGFRA,ABCC2,2.2474406212050178,0.002565088885612697,0.15886053721396193,0.003342455417466078,0.18844405381926435,0.3080261734792286,1.4241334924973352
Hepatocyte,PDGFRA,TXNIP,2.391165384764536,0.002565088885612697,0.2613257812379411,0.003342455417466078,0.21809140712139144,0.3080261734792286,1.4755980623487515
Hepatocyte,PDGFRA,GCLM,2.4215927342483234,0.002565088885612697,0.295732687380753,0.003342455417466078,0.23350977696471786,0.3080261734792286,1.3271591036318509
Hepatocyte,PDGFRA,GCLC,2.4791050560274788,0.002565088885612697,0.23865195810238812,0.003342455417466078,0.2565321318186247,0.3080261734792286,1.3736059391380655
Hepatocyte,PDGFRA,NFE2L2,2.5524875038943122,0.002565088885612697,0.29481125123850854,0.003342455417466078,0.2777379453231289,0.3080261734792286,1.3399825705469421
Hepatocyte,PDGFRA,SLC10A1,2.720063744321554,0.002565088885612697,0.2951844463832409,0.003342455417466078,0.25427901413495185,0.3080261734792286,2.4776512998034548
Hepatocyte,PDGFRA,DEFB1,2.8525220446829396,0.002565088885612697,0.46817194769313825,0.003342455417466078,0.31683203400765264,0.3080261734792286,2.001128764860515
Hepatocyte,PDGFRA,VEGFA,2.8839266855412276,0.002565088885612697,0.38540771775114835,0.003342455417466078,0.35379592720757436,0.3080261734792286,1.8826681224335156
Hepatocyte,PDGFRA,KLF6,2.9714074356367943,0.002565088885612697,0.46505401604244695,0.003342455417466078,0.352691702170825,0.3080261734792286,2.1926939038406155
Hepatocyte,PDGFRA,ESRRA,2.9939335939042446,0.002565088885612697,0.5889145950637787,0.003342455417466078,0.38444977802428426,0.3080261734792286,1.6162052673478682
Hepatocyte,PDGFRA,PLIN2,3.000926263407469,0.002565088885612697,0.5485911382390778,0.003342455417466078,0.3824629602363186,0.3080261734792286,1.7854399440997535
Hepatocyte,PDGFRA,MFSD2A,3.0293018348923786,0.002565088885612697,0.5622522052505926,0.003342455417466078,0.3992566354566381,0.3080261734792286,1.6978360999622406
Hepatocyte,PDGFRA,NMT1,3.042926444291373,0.002565088885612697,0.55749415804065,0.003342455417466078,0.4163075191177293,0.3080261734792286,1.56834036705002
Hepatocyte,PDGFRA,JUND,3.1139276862411545,0.002565088885612697,0.6286435675613038,0.003342455417466078,0.438107275152302,0.3080261734792286,1.511797176079066
Hepatocyte,PDGFRA,SON,3.11624709371413,0.002565088885612697,0.6023991382507545,0.003342455417466078,0.4436362714511497,0.3080261734792286,1.524469112309111
Hepatocyte,PDGFRA,TIMP1,3.1363511540629916,0.002565088885612697,0.9331307503868107,0.003342455417466078,0.37173304108266175,0.3080261734792286,1.6116949857505494
Hepatocyte,PDGFRA,HADHB,3.142172110566061,0.002565088885612697,0.5955225640726783,0.003342455417466078,0.4114105692484295,0.3080261734792286,2.1047371742627337
Hepatocyte,PDGFRA,FOS,3.1426265365701176,0.002565088885612697,0.685041807187563,0.003342455417466078,0.4110353085779062,0.3080261734792286,1.8758847872337623
Hepatocyte,PDGFRA,SNHG9,3.1538923104904635,0.002565088885612697,0.5793741155795761,0.003342455417466078,0.40020838550196497,0.3080261734792286,2.349925308238115
Hepatocyte,PDGFRA,METAP2,3.171359795904597,0.002565088885612697,0.623322796154479,0.003342455417466078,0.43313872422346494,0.3080261734792286,1.9309049388274377
Hepatocyte,PDGFRA,LINC00261,3.1878384151934624,0.002565088885612697,0.6760501553864524,0.003342455417466078,0.4118877567890421,0.3080261734792286,2.1517191005169995
Hepatocyte,PDGFRA,TM7SF2,3.2028247952213134,0.002565088885612697,0.7228601133746217,0.003342455417466078,0.44107508704255627,0.3080261734792286,1.7451398722597375
Hepatocyte,PDGFRA,EIF3J,3.2278844243065405,0.002565088885612697,0.6787233057075424,0.003342455417466078,0.4693947034511884,0.3080261734792286,1.65252405858046
Hepatocyte,FLT4,FGF2,0.0387059163512109,0.0012054988928969818,0.001328531912247234,0.0007885435539900608,0.0011446012972148036,0.19468668402088643,0.18441442754104234
Hepatocyte,FLT4,PDGFA,0.08800525920051414,0.0012054988928969818,0.0015997188773008036,0.0007885435539900608,0.001335428837280398,0.19468668402088643,0.25415416376937633
Hepatocyte,FLT4,COL1A1,0.1355678582039378,0.0012054988928969818,0.00315945846485977,0.0007885435539900608,0.0019458828624616265,0.19468668402088643,0.26099831023690845
Hepatocyte,FLT4,COL1A2,0.39498494449835303,0.0012054988928969818,0.0035537878804845478,0.0007885435539900608,0.004853427444995549,0.19468668402088643,0.3971775025280685
Hepatocyte,FLT4,RET,0.4059021369205129,0.0012054988928969818,0.0032337124858263524,0.0007885435539900608,0.005280783209475671,0.19468668402088643,0.3755249550047621
Hepatocyte,FLT4,SLC7A11,0.4219746011202297,0.0012054988928969818,0.0020194487505564036,0.0007885435539900608,0.0064026135062953075,0.19468668402088643,0.2420563181341169
Hepatocyte,FLT4,PDGFRB,0.5207678735878207,0.0012054988928969818,0.007267521673753276,0.0007885435539900608,0.00666709567190973,0.19468668402088643,0.4682965172245347
Hepatocyte,FLT4,NQO1,0.638488010234438,0.0012054988928969818,0.005125549814745353,0.0007885435539900608,0.010113864678242889,0.19468668402088643,0.4133980070475145
Hepatocyte,FLT4,SRC,0.6786829431286409,0.0012054988928969818,0.007796437093599544,0.0007885435539900608,0.006951976708272014,0.19468668402088643,0.7178092849480364
Hepatocyte,FLT4,PDGFB,0.701198147180111,0.0012054988928969818,0.023138797155836253,0.0007885435539900608,0.006787873193224896,0.19468668402088643,0.7608058128297316
Hepatocyte,FLT4,TGFB1,0.9017321128288271,0.0012054988928969818,0.010800545265337202,0.0007885435539900608,0.016030630829932845,0.19468668402088643,0.6081679168799358
Hepatocyte,FLT4,BCL2,0.9466891888140571,0.0012054988928969818,0.0073732592783808375,0.0007885435539900608,0.012922225718194924,0.19468668402088643,0.8818295872655901
Hepatocyte,FLT4,LCK,1.0117907750626292,0.0012054988928969818,0.00804506011331223,0.0007885435539900608,0.022647001560247515,0.19468668402088643,0.4638930183852044
Hepatocyte,FLT4,ACTA2,1.04460394207657,0.0012054988928969818,0.023266294296745947,0.0007885435539900608,0.018313473461895838,0.19468668402088643,0.813141361477988
Hepatocyte,FLT4,SMAD3,1.5211549860881666,0.0012054988928969818,0.030436636389519524,0.0007885435539900608,0.04109617038912659,0.19468668402088643,1.1048826131659517
Hepatocyte,FLT4,CASP8,1.6504252556411734,0.0012054988928969818,0.041757288914645266,0.0007885435539900608,0.050926507822551224,0.19468668402088643,1.1683760882820078
Hepatocyte,FLT4,CASP3,1.8220397274866724,0.0012054988928969818,0.05518813710333723,0.0007885435539900608,0.06524513188683814,0.19468668402088643,1.30021920481702
Hepatocyte,FLT4,ABCB11,1.9202164543916893,0.0012054988928969818,0.07287957885835475,0.0007885435539900608,0.0895541406469041,0.19468668402088643,1.0199239623997545
Hepatocyte,FLT4,SMAD2,2.019945914957228,0.0012054988928969818,0.08052802023771467,0.0007885435539900608,0.09759468313714025,0.19468668402088643,1.198258052220088
Hepatocyte,FLT4,HMOX1,2.064198082542124,0.0012054988928969818,0.09357124022660228,0.0007885435539900608,0.12071247736657824,0.19468668402088643,0.8467626546689341
Hepatocyte,FLT4,KEAP1,2.165411834238151,0.0012054988928969818,0.09213685364781889,0.0007885435539900608,0.1044333160801562,0.19468668402088643,1.5817499252839444
Hepatocyte,FLT4,BAX,2.1714222066703908,0.0012054988928969818,0.10630693158722368,0.0007885435539900608,0.12590787075199775,0.19468668402088643,1.17286710979359
Hepatocyte,FLT4,XIST,2.2050348109895936,0.0012054988928969818,0.21672249294544083,0.0007885435539900608,0.12796642502861505,0.19468668402088643,1.1440316093716254
Hepatocyte,FLT4,VIM,2.251523377360264,0.0012054988928969818,0.15521407323066852,0.0007885435539900608,0.13771785890663474,0.19468668402088643,1.2247310898245813
Hepatocyte,FLT4,TXNRD1,2.3306582851322792,0.0012054988928969818,0.1286991476454989,0.0007885435539900608,0.15103975406944076,0.19468668402088643,1.3363310402168795
Hepatocyte,FLT4,ABCB1,2.361510647238033,0.0012054988928969818,0.1306168954449808,0.0007885435539900608,0.17476546481454816,0.19468668402088643,1.0543939967651332
Hepatocyte,FLT4,UGT1A1,2.501041396630572,0.0012054988928969818,0.17110534434617017,0.0007885435539900608,0.166439143705864,0.19468668402088643,1.7458768684408745
Hepatocyte,FLT4,ABCC2,2.5027372338893588,0.0012054988928969818,0.15886053721396193,0.0007885435539900608,0.18844405381926435,0.19468668402088643,1.4241334924973352
Hepatocyte,FLT4,TXNIP,2.6435795686382972,0.0012054988928969818,0.2613257812379411,0.0007885435539900608,0.21809140712139144,0.19468668402088643,1.4755980623487515
Hepatocyte,FLT4,GCLM,2.671532569526372,0.0012054988928969818,0.295732687380753,0.0007885435539900608,0.23350977696471786,0.19468668402088643,1.3271591036318509
Hepatocyte,FLT4,GCLC,2.731150504513649,0.0012054988928969818,0.23865195810238812,0.0007885435539900608,0.2565321318186247,0.19468668402088643,1.3736059391380655
Hepatocyte,FLT4,NFE2L2,2.802377235633076,0.0012054988928969818,0.29481125123850854,0.0007885435539900608,0.2777379453231289,0.19468668402088643,1.3399825705469421
Hepatocyte,FLT4,SLC10A1,2.974200658414428,0.0012054988928969818,0.2951844463832409,0.0007885435539900608,0.25427901413495185,0.19468668402088643,2.4776512998034548
Hepatocyte,FLT4,DEFB1,3.101056784234402,0.0012054988928969818,0.46817194769313825,0.0007885435539900608,0.31683203400765264,0.19468668402088643,2.001128764860515
Hepatocyte,FLT4,VEGFA,3.134766960636983,0.0012054988928969818,0.38540771775114835,0.0007885435539900608,0.35379592720757436,0.19468668402088643,1.8826681224335156
Hepatocyte,FLT4,KLF6,3.2210120039157695,0.0012054988928969818,0.46505401604244695,0.0007885435539900608,0.352691702170825,0.19468668402088643,2.1926939038406155
Hepatocyte,FLT4,ESRRA,3.2367247189447963,0.0012054988928969818,0.5889145950637787,0.0007885435539900608,0.38444977802428426,0.19468668402088643,1.6162052673478682
Hepatocyte,FLT4,PLIN2,3.246242022103194,0.0012054988928969818,0.5485911382390778,0.0007885435539900608,0.3824629602363186,0.19468668402088643,1.7854399440997535
Hepatocyte,FLT4,MFSD2A,3.273703204543288,0.0012054988928969818,0.5622522052505926,0.0007885435539900608,0.3992566354566381,0.19468668402088643,1.6978360999622406
Hepatocyte,FLT4,NMT1,3.2865648478242453,0.0012054988928969818,0.55749415804065,0.0007885435539900608,0.4163075191177293,0.19468668402088643,1.56834036705002
Hepatocyte,FLT4,JUND,3.3549360044152765,0.0012054988928969818,0.6286435675613038,0.0007885435539900608,0.438107275152302,0.19468668402088643,1.511797176079066
Hepatocyte,FLT4,SON,3.3582370939644064,0.0012054988928969818,0.6023991382507545,0.0007885435539900608,0.4436362714511497,0.19468668402088643,1.524469112309111
Hepatocyte,FLT4,TIMP1,3.3669914148467353,0.0012054988928969818,0.9331307503868107,0.0007885435539900608,0.37173304108266175,0.19468668402088643,1.6116949857505494
Hepatocyte,FLT4,FOS,3.3843361739349866,0.0012054988928969818,0.685041807187563,0.0007885435539900608,0.4110353085779062,0.19468668402088643,1.8758847872337623
Hepatocyte,FLT4,HADHB,3.3879137359392133,0.0012054988928969818,0.5955225640726783,0.0007885435539900608,0.4114105692484295,0.19468668402088643,2.1047371742627337
Hepatocyte,FLT4,SNHG9,3.400898800884738,0.0012054988928969818,0.5793741155795761,0.0007885435539900608,0.40020838550196497,0.19468668402088643,2.349925308238115
Hepatocyte,FLT4,METAP2,3.415578531998051,0.0012054988928969818,0.623322796154479,0.0007885435539900608,0.43313872422346494,0.19468668402088643,1.9309049388274377
Hepatocyte,FLT4,LINC00261,3.431264310762165,0.0012054988928969818,0.6760501553864524,0.0007885435539900608,0.4118877567890421,0.19468668402088643,2.1517191005169995
Hepatocyte,FLT4,TM7SF2,3.4428059063813463,0.0012054988928969818,0.7228601133746217,0.0007885435539900608,0.44107508704255627,0.19468668402088643,1.7451398722597375
Hepatocyte,FLT4,FAM213A,3.4680112018860645,0.0012054988928969818,0.7092076609491952,0.0007885435539900608,0.4824174636318645,0.19468668402088643,1.4023459515232637
Endothelial,PDGFRA,GCLC,0.10941187001800035,0.03875672004560672,0.04486590583576641,0.03631870561736935,0.04442999222199669,1.356845111221827,1.3109240985159183
Endothelial,PDGFRA,COL1A2,0.11275532327986307,0.03875672004560672,0.028443218438158967,0.03631870561736935,0.029275529500720793,1.356845111221827,1.3223156803739078
Endothelial,PDGFRA,KRT8,0.18192652062613443,0.03875672004560672,0.038402228874316685,0.03631870561736935,0.04252870341419856,1.356845111221827,1.1251311169363252
Endothelial,PDGFRA,HMOX1,0.3057809938530235,0.03875672004560672,0.05433463480362688,0.03631870561736935,0.05734498224553425,1.356845111221827,1.0942688437639958
Endothelial,PDGFRA,SMAD3,0.3494033492769191,0.03875672004560672,0.045870935854512566,0.03631870561736935,0.05162704775678954,1.356845111221827,0.9515347381479196
Endothelial,PDGFRA,KRT18,0.35688536746068633,0.03875672004560672,0.0653670558336424,0.03631870561736935,0.07001559040171398,1.356845111221827,1.3102173412737153
Endothelial,PDGFRA,CYP2D6,0.3655935560853226,0.03875672004560672,0.01891951021659672,0.03631870561736935,0.02002129951645207,1.356845111221827,1.712764654277102
Endothelial,PDGFRA,FGF2,0.36930743419221274,0.03875672004560672,0.04742328057096204,0.03631870561736935,0.061055906354121725,1.356845111221827,1.756667867765334
Endothelial,PDGFRA,CASP3,0.38514744844315557,0.03875672004560672,0.053946370627574645,0.03631870561736935,0.06860187469291776,1.356845111221827,1.101917905605872
Endothelial,PDGFRA,PDGFA,0.39510324219259796,0.03875672004560672,0.03393330464369683,0.03631870561736935,0.048111629613254006,1.356845111221827,0.8665218862667364
Endothelial,PDGFRA,CYP3A4,0.4157420063411195,0.03875672004560672,0.07845711767436098,0.03631870561736935,0.073732814937988,1.356845111221827,1.151445108456615
Endothelial,PDGFRA,VEGFA,0.4188218205650674,0.03875672004560672,0.0528902388954003,0.03631870561736935,0.05920730517910987,1.356845111221827,0.9125297725510757
Endothelial,PDGFRA,ACTA2,0.4297886316836809,0.03875672004560672,0.017297639057382803,0.03631870561736935,0.01842153225345925,1.356845111221827,0.9764501323444605
Endothelial,PDGFRA,PDGFB,0.45742048114451855,0.03875672004560672,0.06953608595940444,0.03631870561736935,0.07298217542478885,1.356845111221827,1.0049712111204185
Endothelial,PDGFRA,TGFB2,0.49272738570100344,0.03875672004560672,0.016116719340960418,0.03631870561736935,0.020756544632866747,1.356845111221827,0.8183954002394987
Endothelial,PDGFRA,CASP8,0.5259848908879018,0.03875672004560672,0.015318187796877866,0.03631870561736935,0.020582877197823063,1.356845111221827,0.7761417876117935
Endothelial,PDGFRA,LCK,0.5387688680392144,0.03875672004560672,0.01470494613467729,0.03631870561736935,0.017942199371314187,1.356845111221827,0.8082584660784113
Endothelial,PDGFRA,CYP2C9,0.5572325116830084,0.03875672004560672,0.08544275487214135,0.03631870561736935,0.07694052654462721,1.356845111221827,1.979849073787563
Endothelial,PDGFRA,KIT,0.5617313270199421,0.03875672004560672,0.017550432306454224,0.03631870561736935,0.012385503908884845,1.356845111221827,0.9922497441565625
Endothelial,PDGFRA,BCL2,0.66221394566726,0.03875672004560672,0.014420146278392849,0.03631870561736935,0.013006301935416752,1.356845111221827,0.7599421870157435
Endothelial,PDGFRA,KEAP1,0.688927449695725,0.03875672004560672,0.10583847105672921,0.03631870561736935,0.11978538543898225,1.356845111221827,1.197544841664124
Endothelial,PDGFRA,GCLM,0.689468307150464,0.03875672004560672,0.08811970266245664,0.03631870561736935,0.0998860697788857,1.356845111221827,0.8341436766353155
Endothelial,PDGFRA,SLC10A1,0.6972080826391608,0.03875672004560672,0.008096831902813784,0.03631870561736935,0.008128339504661618,1.356845111221827,1.0251827745010638
Endothelial,PDGFRA,CES2,0.7112458925750555,0.03875672004560672,0.11735669488418032,0.03631870561736935,0.1239692110179648,1.356845111221827,1.2383427852134372
Endothelial,PDGFRA,COL1A1,0.7297795586028394,0.03875672004560672,0.004245810571377645,0.03631870561736935,0.00650763316697415,1.356845111221827,1.3305618948893059
Endothelial,PDGFRA,PDGFRB,0.7577436582069567,0.03875672004560672,0.005054489246023243,0.03631870561736935,0.006863718997532788,1.356845111221827,1.000101600300012
Endothelial,PDGFRA,ABCB1,0.8196231751200886,0.03875672004560672,0.004060108791342953,0.03631870561736935,0.010171155179552766,1.356845111221827,0.6268762760626055
Endothelial,PDGFRA,NQO1,0.8236941324543474,0.03875672004560672,0.150759185485517,0.03631870561736935,0.1441225622593639,1.356845111221827,1.5207626596421029
Endothelial,PDGFRA,JCHAIN,0.8249085837143251,0.03875672004560672,0.20997618019703285,0.03631870561736935,0.10885833866221736,1.356845111221827,2.065089996221871
Endothelial,PDGFRA,SRC,0.8631484200815117,0.03875672004560672,0.00662579365128445,0.03631870561736935,0.007950665747705091,1.356845111221827,0.658925860801165
Endothelial,PDGFRA,SLC7A11,0.9066166598723361,0.03875672004560672,0.004920542187269999,0.03631870561736935,0.008156869058718364,1.356845111221827,0.5822425708237884
Endothelial,PDGFRA,HBA1,0.9622859508720236,0.03875672004560672,0.21302355982849627,0.03631870561736935,0.1698211638772715,1.356845111221827,1.310545244509171
Endothelial,PDGFRA,IGHA1,0.9783975849682066,0.03875672004560672,0.25118902869423176,0.03631870561736935,0.16489436842028887,1.356845111221827,1.3684344031834281
Endothelial,PDGFRA,CAT,1.0248676299201762,0.03875672004560672,0.1870112772667348,0.03631870561736935,0.1801348499780154,1.356845111221827,1.8653919321724368
Endothelial,PDGFRA,SMAD2,1.0425284693303356,0.03875672004560672,0.1852444110575408,0.03631870561736935,0.19573277196767652,1.356845111221827,1.116751787404357
Endothelial,PDGFRA,IGLC2,1.0439675293787507,0.03875672004560672,0.2303501085134642,0.03631870561736935,0.18629988019198682,1.356845111221827,1.6076020344594226
Endothelial,PDGFRA,BAX,1.0503389496395734,0.03875672004560672,0.1851077474736701,0.03631870561736935,0.20210638346592877,1.356845111221827,1.4306600878453966
Endothelial,PDGFRA,TXNRD1,1.064512456384301,0.03875672004560672,0.2203299404086962,0.03631870561736935,0.19874116729228045,1.356845111221827,1.2945808220423307
Endothelial,PDGFRA,SOD2,1.1295507700639833,0.03875672004560672,0.20632476771614333,0.03631870561736935,0.21188205064126592,1.356845111221827,0.9721406455408905
Endothelial,PDGFRA,HBA2,1.130646531763448,0.03875672004560672,0.2527998162919972,0.03631870561736935,0.20776246520676916,1.356845111221827,1.6301798481347194
Endothelial,PDGFRA,TGFB1,1.1445606250610487,0.03875672004560672,0.2143510139241583,0.03631870561736935,0.22510378272552015,1.356845111221827,1.199390284543259
Endothelial,PDGFRA,ABCB11,1.1509683243547668,0.03875672004560672,0.0029306629139072846,0.03631870561736935,0.0013245033112582781,1.356845111221827,0.7795132276526648
Endothelial,PDGFRA,UGT1A1,1.1510300683245343,0.03875672004560672,0.0029418825562913904,0.03631870561736935,0.005213109186619121,1.356845111221827,0.3897719048074142
Endothelial,PDGFRA,ABCC2,1.1538471033773563,0.03875672004560672,0.0024680857283018868,0.03631870561736935,0.004276729559748427,1.356845111221827,0.4352944402302199
Endothelial,PDGFRA,NFE2L2,1.4836908840601246,0.03875672004560672,0.33309142447886475,0.03631870561736935,0.3245111740714125,1.356845111221827,1.2454640268256536
Endothelial,PDGFRA,PTGDS,1.5051313238092217,0.03875672004560672,0.35826012055719153,0.03631870561736935,0.18710438195405232,1.356845111221827,3.3464800525919842
Endothelial,PDGFRA,LGALS1,1.5074733916345942,0.03875672004560672,0.4191526158557678,0.03631870561736935,0.2950529194463087,1.356845111221827,1.7409067933742224
Endothelial,PDGFRA,HLA-DRA,1.5516906948855458,0.03875672004560672,0.39971188138553704,0.03631870561736935,0.3197056034228491,1.356845111221827,1.8178718169660952
Endothelial,PDGFRA,GPM6A,1.58254208404725,0.03875672004560672,0.38735844092382943,0.03631870561736935,0.34144675054923784,1.356845111221827,1.7601208858379571
Endothelial,PDGFRA,FABP1,1.6089704000792147,0.03875672004560672,0.4144913926265665,0.03631870561736935,0.30216472979872366,1.356845111221827,2.4101499423556865
Endothelial,FLT4,HBA1,0.1329787539589309,0.16408363583947838,0.21302355982849627,0.16221166072903656,0.1698211638772715,1.1968839819899149,1.310545244509171
Endothelial,FLT4,SMAD2,0.1439473249021578,0.16408363583947838,0.1852444110575408,0.16221166072903656,0.19573277196767652,1.1968839819899149,1.116751787404357
Endothelial,FLT4,TXNRD1,0.19084770356221953,0.16408363583947838,0.2203299404086962,0.16221166072903656,0.19874116729228045,1.1968839819899149,1.2945808220423307
Endothelial,FLT4,CES2,0.1990337181492881,0.16408363583947838,0.11735669488418032,0.16221166072903656,0.1239692110179648,1.1968839819899149,1.2383427852134372
Endothelial,FLT4,IGHA1,0.21530604815256968,0.16408363583947838,0.25118902869423176,0.16221166072903656,0.16489436842028887,1.1968839819899149,1.3684344031834281
Endothelial,FLT4,BAX,0.2200699223177522,0.16408363583947838,0.1851077474736701,0.16221166072903656,0.20210638346592877,1.1968839819899149,1.4306600878453966
Endothelial,FLT4,KEAP1,0.22834738868835736,0.16408363583947838,0.10583847105672921,0.16221166072903656,0.11978538543898225,1.1968839819899149,1.197544841664124
Endothelial,FLT4,NQO1,0.23086249715548907,0.16408363583947838,0.150759185485517,0.16221166072903656,0.1441225622593639,1.1968839819899149,1.5207626596421029
Endothelial,FLT4,TGFB1,0.2436505693619474,0.16408363583947838,0.2143510139241583,0.16221166072903656,0.22510378272552015,1.1968839819899149,1.199390284543259
Endothelial,FLT4,SOD2,0.2612953702736301,0.16408363583947838,0.20632476771614333,0.16221166072903656,0.21188205064126592,1.1968839819899149,0.9721406455408905
Endothelial,FLT4,IGLC2,0.31610420423257896,0.16408363583947838,0.2303501085134642,0.16221166072903656,0.18629988019198682,1.1968839819899149,1.6076020344594226
Endothelial,FLT4,HBA2,0.3749649978440554,0.16408363583947838,0.2527998162919972,0.16221166072903656,0.20776246520676916,1.1968839819899149,1.6301798481347194
Endothelial,FLT4,CAT,0.4263476323038045,0.16408363583947838,0.1870112772667348,0.16221166072903656,0.1801348499780154,1.1968839819899149,1.8653919321724368
Endothelial,FLT4,GCLM,0.4444300565213831,0.16408363583947838,0.08811970266245664,0.16221166072903656,0.0998860697788857,1.1968839819899149,0.8341436766353155
Endothelial,FLT4,CYP3A4,0.5102915315651921,0.16408363583947838,0.07845711767436098,0.16221166072903656,0.073732814937988,1.1968839819899149,1.151445108456615
Endothelial,FLT4,PDGFB,0.5419961854097445,0.16408363583947838,0.06953608595940444,0.16221166072903656,0.07298217542478885,1.1968839819899149,1.0049712111204185
Endothelial,FLT4,KRT18,0.5534356436628525,0.16408363583947838,0.0653670558336424,0.16221166072903656,0.07001559040171398,1.1968839819899149,1.3102173412737153
Endothelial,FLT4,CASP3,0.5735361687875805,0.16408363583947838,0.053946370627574645,0.16221166072903656,0.06860187469291776,1.1968839819899149,1.101917905605872
Endothelial,FLT4,JCHAIN,0.5871993174967508,0.16408363583947838,0.20997618019703285,0.16221166072903656,0.10885833866221736,1.1968839819899149,2.065089996221871
Endothelial,FLT4,NFE2L2,0.5992988980886795,0.16408363583947838,0.33309142447886475,0.16221166072903656,0.3245111740714125,1.1968839819899149,1.2454640268256536
Endothelial,FLT4,HMOX1,0.6633919831713774,0.16408363583947838,0.05433463480362688,0.16221166072903656,0.05734498224553425,1.1968839819899149,1.0942688437639958
Endothelial,FLT4,CYP2C9,0.6792793686056631,0.16408363583947838,0.08544275487214135,0.16221166072903656,0.07694052654462721,1.1968839819899149,1.979849073787563
Endothelial,FLT4,VEGFA,0.6802433261878886,0.16408363583947838,0.0528902388954003,0.16221166072903656,0.05920730517910987,1.1968839819899149,0.9125297725510757
Endothelial,FLT4,FGF2,0.7277978525636046,0.16408363583947838,0.04742328057096204,0.16221166072903656,0.061055906354121725,1.1968839819899149,1.756667867765334
Endothelial,FLT4,LGALS1,0.734632635116578,0.16408363583947838,0.4191526158557678,0.16221166072903656,0.2950529194463087,1.1968839819899149,1.7409067933742224
Endothelial,FLT4,SMAD3,0.7428625626146261,0.16408363583947838,0.045870935854512566,0.16221166072903656,0.05162704775678954,1.1968839819899149,0.9515347381479196
Endothelial,FLT4,HLA-DRA,0.7721924879341273,0.16408363583947838,0.39971188138553704,0.16221166072903656,0.3197056034228491,1.1968839819899149,1.8178718169660952
Endothelial,FLT4,GPM6A,0.7789557676923268,0.16408363583947838,0.38735844092382943,0.16221166072903656,0.34144675054923784,1.1968839819899149,1.7601208858379571
Endothelial,FLT4,GCLC,0.7982319872317452,0.16408363583947838,0.04486590583576641,0.16221166072903656,0.04442999222199669,1.1968839819899149,1.3109240985159183
Endothelial,FLT4,PDGFA,0.8065123249671986,0.16408363583947838,0.03393330464369683,0.16221166072903656,0.048111629613254006,1.1968839819899149,0.8665218862667364
Endothelial,FLT4,KRT8,0.8226365865241421,0.16408363583947838,0.038402228874316685,0.16221166072903656,0.04252870341419856,1.1968839819899149,1.1251311169363252
Endothelial,FLT4,NUAK1,0.8541680221877823,0.16408363583947838,0.4559114939493208,0.16221166072903656,0.3702008937447854,1.1968839819899149,1.5473808873753463
Endothelial,FLT4,TMEM88,0.8824955924480354,0.16408363583947838,0.4179844432391203,0.16221166072903656,0.334419417850282,1.1968839819899149,2.0540726671624654
Endothelial,FLT4,HBB,0.9092581524299942,0.16408363583947838,0.5217255277092143,0.16221166072903656,0.3195948545125141,1.1968839819899149,1.8102070755876998
Endothelial,FLT4,SC5D,0.9168780842879617,0.16408363583947838,0.43345676503980046,0.16221166072903656,0.325267660279733,1.1968839819899149,2.1584038848938323
Endothelial,FLT4,C8orf4,0.9423030863331677,0.16408363583947838,0.4700623100257383,0.16221166072903656,0.3352550754439936,1.1968839819899149,2.074168024632413
Endothelial,FLT4,CD93,0.9513019515456148,0.16408363583947838,0.4834628589312155,0.16221166072903656,0.4093962793741186,1.1968839819899149,1.5607128031357533
Endothelial,FLT4,FABP1,0.9513643841967953,0.16408363583947838,0.4144913926265665,0.16221166072903656,0.30216472979872366,1.1968839819899149,2.4101499423556865
Endothelial,FLT4,SELK,0.9525628559553893,0.16408363583947838,0.44410720648792223,0.16221166072903656,0.38673365088016576,1.1968839819899149,1.9317066003645913
Endothelial,FLT4,HNRNPH1,0.9651362983955873,0.16408363583947838,0.4952068207845862,0.16221166072903656,0.42430030197951785,1.1968839819899149,1.0446419252112524
Endothelial,FLT4,EIF5B,0.9900610250427659,0.16408363583947838,0.47945038875020796,0.16221166072903656,0.4036869822949124,1.1968839819899149,1.8312342027549033
Endothelial,FLT4,MMRN2,0.9909773161207174,0.16408363583947838,0.4925209479109016,0.16221166072903656,0.42416132835933135,1.1968839819899149,1.5970354113167151
Endothelial,FLT4,LIMS2,0.9993510361022724,0.16408363583947838,0.4870562207096306,0.16221166072903656,0.4030965918889014,1.1968839819899149,1.84226876171566
Endothelial,FLT4,LAMP1,1.001481827850337,0.16408363583947838,0.4756795603581647,0.16221166072903656,0.426804296993454,1.1968839819899149,1.7270829264838354
Endothelial,FLT4,LINC00657,1.0040092738179016,0.16408363583947838,0.48701408326519335,0.16221166072903656,0.4254360327546854,1.1968839819899149,1.692449188611362
Endothelial,FLT4,EDN1,1.0076159004987333,0.16408363583947838,0.504996165929685,0.16221166072903656,0.3414073785301854,1.1968839819899149,2.146741762700854
Endothelial,FLT4,COL1A2,1.0109130102248394,0.16408363583947838,0.028443218438158967,0.16221166072903656,0.029275529500720793,1.1968839819899149,1.3223156803739078
Endothelial,FLT4,SLC27A3,1.0120540925221975,0.16408363583947838,0.39719565943513985,0.16221166072903656,0.32585710835435205,1.1968839819899149,2.550263676461559
Endothelial,FLT4,MMRN1,1.0162090124715057,0.16408363583947838,0.4791021905559528,0.16221166072903656,0.3912248998254613,1.1968839819899149,2.0196762950199525
Endothelial,FLT4,CYB5A,1.0170445548781546,0.16408363583947838,0.5012007023295754,0.16221166072903656,0.43156604499180073,1.1968839819899149,1.6271048104275037
Macrophage,PDGFRA,SLC7A11,0.09467959337792124,0.0028909011225691688,0.0013589892741935484,0.0013869858897622653,0.0008064516129032258,0.7337662227870763,0.6340210203319838
Macrophage,PDGFRA,ABCC2,0.11626527771234152,0.0028909011225691688,0.005970040821004932,0.0013869858897622653,0.002445688391310143,0.7337662227870763,0.6294988371655733
Macrophage,PDGFRA,COL1A2,0.1964139345326647,0.0028909011225691688,0.008636558294872526,0.0013869858897622653,0.0039456326313012215,0.7337662227870763,0.8498789173354172
Macrophage,PDGFRA,UGT1A1,0.20878487658678763,0.0028909011225691688,0.006544953679702562,0.0013869858897622653,0.004539388061991136,0.7337662227870763,0.722537504302362
Macrophage,PDGFRA,COL1A1,0.2793283329680331,0.0028909011225691688,0.0006584809469964664,0.0013869858897622653,0.0007067137809187279,0.7337662227870763,0.4186865114090365
Macrophage,PDGFRA,ABCB1,0.31361582412357436,0.0028909011225691688,0.0009629018869257951,0.0013869858897622653,0.0014134275618374558,0.7337662227870763,0.37714221352739324
Macrophage,PDGFRA,SLC10A1,0.32396876353155746,0.0028909011225691688,0.009906472728489237,0.0013869858897622653,0.006680049704394411,0.7337662227870763,0.8367352859254975
Macrophage,PDGFRA,TGFB2,0.3286759670811228,0.0028909011225691688,0.002219272704918033,0.0013869858897622653,0.001639344262295082,0.7337662227870763,0.3625781684561838
Macrophage,PDGFRA,PDGFA,0.356701529978944,0.0028909011225691688,0.0009212719081272086,0.0013869858897622653,0.0014134275618374558,0.7337662227870763,0.3342468160095964
Macrophage,PDGFRA,PDGFB,0.3815817340625142,0.0028909011225691688,0.007968655181561257,0.0013869858897622653,0.007539277177559853,0.7337662227870763,0.9347530861255027
Macrophage,PDGFRA,ABCB11,0.38851861717796776,0.0028909011225691688,0.0007732308870967742,0.0013869858897622653,0.0008064516129032258,0.7337662227870763,0.30645332631882705
Macrophage,PDGFRA,KIT,0.3907817852133913,0.0028909011225691688,0.0019217045901639344,0.0013869858897622653,0.000819672131147541,0.7337662227870763,0.3041023100884141
Macrophage,PDGFRA,NQO1,0.43716002846079355,0.0028909011225691688,0.010847246120677088,0.0013869858897622653,0.009759155716713975,0.7337662227870763,0.7648151723392407
Macrophage,PDGFRA,CYP2D6,0.5661193949926772,0.0028909011225691688,0.01941201789368604,0.0013869858897622653,0.009885334585187103,0.7337662227870763,1.2479055851617067
Macrophage,PDGFRA,SMAD3,0.6363055519398417,0.0028909011225691688,0.018624657896920544,0.0013869858897622653,0.016299913518279106,0.7337662227870763,0.8550747593248423
Macrophage,PDGFRA,ACTA2,0.6392988822607355,0.0028909011225691688,0.020365254865822486,0.0013869858897622653,0.015858456176473013,0.7337662227870763,0.950685227461055
Macrophage,PDGFRA,LCK,0.7028070234595796,0.0028909011225691688,0.019383034257795015,0.0013869858897622653,0.019452316326094538,0.7337662227870763,0.7646993318914432
Macrophage,PDGFRA,SRC,0.8128934860603096,0.0028909011225691688,0.020087671664628975,0.0013869858897622653,0.02484412995340344,0.7337662227870763,0.8521740683185616
Macrophage,PDGFRA,KRT18,0.8645643848632584,0.0028909011225691688,0.036454997863847136,0.0013869858897622653,0.023577224866622476,0.7337662227870763,1.2536167627716654
Macrophage,PDGFRA,KRT8,0.9783099446958647,0.0028909011225691688,0.03315777231979635,0.0013869858897622653,0.021257609766656978,0.7337662227870763,1.7689842041814172
Macrophage,PDGFRA,BCL2,1.0848953301780702,0.0028909011225691688,0.05143441988010975,0.0013869858897622653,0.04118447807794691,0.7337662227870763,1.1416496390948823
Macrophage,PDGFRA,KEAP1,1.105241373748311,0.0028909011225691688,0.051628489005649,0.0013869858897622653,0.04035761364928475,0.7337662227870763,1.2985985612586408
Macrophage,PDGFRA,VEGFA,1.158513392260397,0.0028909011225691688,0.06633968685154179,0.0013869858897622653,0.04447500934739326,0.7337662227870763,1.3289960819648583
Macrophage,PDGFRA,GCLM,1.1587584179622323,0.0028909011225691688,0.054857979886144624,0.0013869858897622653,0.05145350076738288,0.7337662227870763,0.852155442052421
Macrophage,PDGFRA,CASP3,1.349599650031944,0.0028909011225691688,0.07273994448166805,0.0013869858897622653,0.07102743315579475,0.7337662227870763,1.1131876866596377
Macrophage,PDGFRA,CASP8,1.358366637865995,0.0028909011225691688,0.08791964154827751,0.0013869858897622653,0.06928287774660777,0.7337662227870763,1.2358531918605904
Macrophage,PDGFRA,CYP2C9,1.4678882039222871,0.0028909011225691688,0.11683090817257828,0.0013869858897622653,0.07890390309493112,0.7337662227870763,1.4530137446959634
Macrophage,PDGFRA,CES2,1.4855095070934718,0.0028909011225691688,0.10977540274876411,0.0013869858897622653,0.08442288615236712,0.7337662227870763,1.3719858298384977
Macrophage,PDGFRA,TXNRD1,1.6673934796793088,0.0028909011225691688,0.152559130693241,0.0013869858897622653,0.10793883429700021,0.7337662227870763,1.6223329137660962
Macrophage,PDGFRA,CYP3A4,1.7010862316583941,0.0028909011225691688,0.1491675005426281,0.0013869858897622653,0.09498215787764226,0.7337662227870763,2.128591927909901
Macrophage,PDGFRA,SMAD2,1.73719374264702,0.0028909011225691688,0.1654801542256763,0.0013869858897622653,0.14202790706277585,0.7337662227870763,0.9889891366473847
Macrophage,PDGFRA,HBA2,2.1179568050090642,0.0028909011225691688,0.3891092212553402,0.0013869858897622653,0.21531106902540084,0.7337662227870763,1.3406505055756937
Macrophage,PDGFRA,CAT,2.2312952493490097,0.0028909011225691688,0.34656301905491405,0.0013869858897622653,0.2608162303880686,0.7337662227870763,1.4876386008825857
Macrophage,PDGFRA,GCLC,2.2332358054019523,0.0028909011225691688,0.24475350906971052,0.0013869858897622653,0.1810956048882114,0.7337662227870763,3.0986086389392598
Macrophage,PDGFRA,NFE2L2,2.253432247520991,0.0028909011225691688,0.3350170443365838,0.0013869858897622653,0.2404202132516864,0.7337662227870763,2.0495059388903583
Macrophage,PDGFRA,BAX,2.28201037082351,0.0028909011225691688,0.3325944013232178,0.0013869858897622653,0.24933620965054723,0.7337662227870763,2.1005480762520747
Macrophage,PDGFRA,FABP5,2.2852967046448747,0.0028909011225691688,0.4254806519438743,0.0013869858897622653,0.238787231427888,0.7337662227870763,1.9880008579082034
Macrophage,PDGFRA,TGFB1,2.3230582652062486,0.0028909011225691688,0.35877457192280504,0.0013869858897622653,0.28567920661463453,0.7337662227870763,1.701800054449918
Macrophage,PDGFRA,AREG,2.340872038597091,0.0028909011225691688,0.5155002722773017,0.0013869858897622653,0.21185948812845395,0.7337662227870763,2.4612150935067074
Macrophage,PDGFRA,THBS1,2.3659871760223474,0.0028909011225691688,0.4542532114548477,0.0013869858897622653,0.19016202762004275,0.7337662227870763,3.163370062073347
Macrophage,PDGFRA,ITIH3,2.3843588681651666,0.0028909011225691688,0.5338310697015131,0.0013869858897622653,0.2477484089391869,0.7337662227870763,2.1099457653800244
Macrophage,PDGFRA,RNASE1,2.3977087589059423,0.0028909011225691688,0.6117146915627464,0.0013869858897622653,0.2541227525766585,0.7337662227870763,1.77168641334257
Macrophage,PDGFRA,TF,2.473835090856914,0.0028909011225691688,0.5021312707270227,0.0013869858897622653,0.25559010375182,0.7337662227870763,2.7005645794925877
Macrophage,PDGFRA,TMIGD3,2.485965684377489,0.0028909011225691688,0.4295975459283368,0.0013869858897622653,0.20950348822476422,0.7337662227870763,3.6867174826415496
Macrophage,PDGFRA,NNMT,2.5181708098875335,0.0028909011225691688,0.48098619511811336,0.0013869858897622653,0.26744871474756776,0.7337662227870763,2.892516287122688
Macrophage,PDGFRA,PLIN2,2.5888921309224933,0.0028909011225691688,0.5950830229612837,0.0013869858897622653,0.37185586019726824,0.7337662227870763,1.353415246435429
Macrophage,PDGFRA,DCXR,2.590562239334651,0.0028909011225691688,0.5201800042094384,0.0013869858897622653,0.3071040975319594,0.7337662227870763,2.689046567943018
Macrophage,PDGFRA,ETS2,2.595715879410952,0.0028909011225691688,0.5892973609753599,0.0013869858897622653,0.3468533995471537,0.7337662227870763,1.8851911488331046
Macrophage,PDGFRA,HNRNPH1,2.6004195439213236,0.0028909011225691688,0.5612083259571049,0.0013869858897622653,0.34472349461820073,0.7337662227870763,2.0711830375171374
Macrophage,PDGFRA,CXCL2,2.610455383887542,0.0028909011225691688,0.5715190624042059,0.0013869858897622653,0.2868473220948192,0.7337662227870763,2.9196551507233135
Macrophage,FLT4,NQO1,0.25021325925690674,0.010733890644190851,0.010847246120677088,0.011477717511346464,0.009759155716713975,0.47586396644436085,0.7648151723392407
Macrophage,FLT4,LCK,0.32048470913544286,0.010733890644190851,0.019383034257795015,0.011477717511346464,0.019452316326094538,0.47586396644436085,0.7646993318914432
Macrophage,FLT4,SMAD3,0.33977456460782424,0.010733890644190851,0.018624657896920544,0.011477717511346464,0.016299913518279106,0.47586396644436085,0.8550747593248423
Macrophage,FLT4,SLC10A1,0.34798059955735655,0.010733890644190851,0.009906472728489237,0.011477717511346464,0.006680049704394411,0.47586396644436085,0.8367352859254975
Macrophage,FLT4,UGT1A1,0.3547049199521767,0.010733890644190851,0.006544953679702562,0.011477717511346464,0.004539388061991136,0.47586396644436085,0.722537504302362
Macrophage,FLT4,PDGFB,0.3954188321311963,0.010733890644190851,0.007968655181561257,0.011477717511346464,0.007539277177559853,0.47586396644436085,0.9347530861255027
Macrophage,FLT4,ACTA2,0.40005166055584634,0.010733890644190851,0.020365254865822486,0.011477717511346464,0.015858456176473013,0.47586396644436085,0.950685227461055
Macrophage,FLT4,ABCC2,0.43572525681861435,0.010733890644190851,0.005970040821004932,0.011477717511346464,0.002445688391310143,0.47586396644436085,0.6294988371655733
Macrophage,FLT4,SRC,0.4406343546294849,0.010733890644190851,0.020087671664628975,0.011477717511346464,0.02484412995340344,0.47586396644436085,0.8521740683185616
Macrophage,FLT4,COL1A2,0.443018073982034,0.010733890644190851,0.008636558294872526,0.011477717511346464,0.0039456326313012215,0.47586396644436085,0.8498789173354172
Macrophage,FLT4,TGFB2,0.4863930485548339,0.010733890644190851,0.002219272704918033,0.011477717511346464,0.001639344262295082,0.47586396644436085,0.3625781684561838
Macrophage,FLT4,ABCB1,0.501091484754691,0.010733890644190851,0.0009629018869257951,0.011477717511346464,0.0014134275618374558,0.47586396644436085,0.37714221352739324
Macrophage,FLT4,PDGFA,0.5109576242470463,0.010733890644190851,0.0009212719081272086,0.011477717511346464,0.0014134275618374558,0.47586396644436085,0.3342468160095964
Macrophage,FLT4,COL1A1,0.555284308416551,0.010733890644190851,0.0006584809469964664,0.011477717511346464,0.0007067137809187279,0.47586396644436085,0.4186865114090365
Macrophage,FLT4,SLC7A11,0.5610294377384599,0.010733890644190851,0.0013589892741935484,0.011477717511346464,0.0008064516129032258,0.47586396644436085,0.6340210203319838
Macrophage,FLT4,KIT,0.5679739484549634,0.010733890644190851,0.0019217045901639344,0.011477717511346464,0.000819672131147541,0.47586396644436085,0.3041023100884141
Macrophage,FLT4,ABCB11,0.56847051511843,0.010733890644190851,0.0007732308870967742,0.011477717511346464,0.0008064516129032258,0.47586396644436085,0.30645332631882705
Macrophage,FLT4,CYP2D6,0.5757198521133506,0.010733890644190851,0.01941201789368604,0.011477717511346464,0.009885334585187103,0.47586396644436085,1.2479055851617067
Macrophage,FLT4,KRT18,0.6477121145969518,0.010733890644190851,0.036454997863847136,0.011477717511346464,0.023577224866622476,0.47586396644436085,1.2536167627716654
Macrophage,FLT4,GCLM,0.7313992549116501,0.010733890644190851,0.054857979886144624,0.011477717511346464,0.05145350076738288,0.47586396644436085,0.852155442052421
Macrophage,FLT4,BCL2,0.7509254391831754,0.010733890644190851,0.05143441988010975,0.011477717511346464,0.04118447807794691,0.47586396644436085,1.1416496390948823
Macrophage,FLT4,KEAP1,0.8125949095172323,0.010733890644190851,0.051628489005649,0.011477717511346464,0.04035761364928475,0.47586396644436085,1.2985985612586408
Macrophage,FLT4,VEGFA,0.8609713757560488,0.010733890644190851,0.06633968685154179,0.011477717511346464,0.04447500934739326,0.47586396644436085,1.3289960819648583
Macrophage,FLT4,KRT8,0.8925802889165589,0.010733890644190851,0.03315777231979635,0.011477717511346464,0.021257609766656978,0.47586396644436085,1.7689842041814172
Macrophage,FLT4,CASP3,0.9638346172993759,0.010733890644190851,0.07273994448166805,0.011477717511346464,0.07102743315579475,0.47586396644436085,1.1131876866596377
Macrophage,FLT4,CASP8,0.9990572832986375,0.010733890644190851,0.08791964154827751,0.011477717511346464,0.06928287774660777,0.47586396644436085,1.2358531918605904
Macrophage,FLT4,CES2,1.1360990700440023,0.010733890644190851,0.10977540274876411,0.011477717511346464,0.08442288615236712,0.47586396644436085,1.3719858298384977
Macrophage,FLT4,CYP2C9,1.1374252401195764,0.010733890644190851,0.11683090817257828,0.011477717511346464,0.07890390309493112,0.47586396644436085,1.4530137446959634
Macrophage,FLT4,SMAD2,1.3064547726206823,0.010733890644190851,0.1654801542256763,0.011477717511346464,0.14202790706277585,0.47586396644436085,0.9889891366473847
Macrophage,FLT4,TXNRD1,1.3375989517461264,0.010733890644190851,0.152559130693241,0.011477717511346464,0.10793883429700021,0.47586396644436085,1.6223329137660962
Macrophage,FLT4,CYP3A4,1.4414098239293556,0.010733890644190851,0.1491675005426281,0.011477717511346464,0.09498215787764226,0.47586396644436085,2.128591927909901
Macrophage,FLT4,HBA2,1.734201348044402,0.010733890644190851,0.3891092212553402,0.011477717511346464,0.21531106902540084,0.47586396644436085,1.3406505055756937
Macrophage,FLT4,CAT,1.847516768215587,0.010733890644190851,0.34656301905491405,0.011477717511346464,0.2608162303880686,0.47586396644436085,1.4876386008825857
Macrophage,FLT4,NFE2L2,1.9207546072487018,0.010733890644190851,0.3350170443365838,0.011477717511346464,0.2404202132516864,0.47586396644436085,2.0495059388903583
Macrophage,FLT4,BAX,1.9505955644588404,0.010733890644190851,0.3325944013232178,0.011477717511346464,0.24933620965054723,0.47586396644436085,2.1005480762520747
Macrophage,FLT4,TGFB1,1.9537258461336704,0.010733890644190851,0.35877457192280504,0.011477717511346464,0.28567920661463453,0.47586396644436085,1.701800054449918
Macrophage,FLT4,FABP5,1.9547976002333514,0.010733890644190851,0.4254806519438743,0.011477717511346464,0.238787231427888,0.47586396644436085,1.9880008579082034
Macrophage,FLT4,GCLC,1.989864200635813,0.010733890644190851,0.24475350906971052,0.011477717511346464,0.1810956048882114,0.47586396644436085,3.0986086389392598
Macrophage,FLT4,AREG,2.058797884227135,0.010733890644190851,0.5155002722773017,0.011477717511346464,0.21185948812845395,0.47586396644436085,2.4612150935067074
Macrophage,FLT4,RNASE1,2.062049119264612,0.010733890644190851,0.6117146915627464,0.011477717511346464,0.2541227525766585,0.47586396644436085,1.77168641334257
Macrophage,FLT4,ITIH3,2.068271591893784,0.010733890644190851,0.5338310697015131,0.011477717511346464,0.2477484089391869,0.47586396644436085,2.1099457653800244
Macrophage,FLT4,THBS1,2.130198551917238,0.010733890644190851,0.4542532114548477,0.011477717511346464,0.19016202762004275,0.47586396644436085,3.163370062073347
Macrophage,FLT4,TF,2.1902118007887577,0.010733890644190851,0.5021312707270227,0.011477717511346464,0.25559010375182,0.47586396644436085,2.7005645794925877
Macrophage,FLT4,PLIN2,2.1979395502107986,0.010733890644190851,0.5950830229612837,0.011477717511346464,0.37185586019726824,0.47586396644436085,1.353415246435429
Macrophage,FLT4,NNMT,2.2402805853532564,0.010733890644190851,0.48098619511811336,0.011477717511346464,0.26744871474756776,0.47586396644436085,2.892516287122688
Macrophage,FLT4,ETS2,2.2456497044671346,0.010733890644190851,0.5892973609753599,0.011477717511346464,0.3468533995471537,0.47586396644436085,1.8851911488331046
Macrophage,FLT4,HNRNPH1,2.2607062981731176,0.010733890644190851,0.5612083259571049,0.011477717511346464,0.34472349461820073,0.47586396644436085,2.0711830375171374
Macrophage,FLT4,TMIGD3,2.265293482451646,0.010733890644190851,0.4295975459283368,0.011477717511346464,0.20950348822476422,0.47586396644436085,3.6867174826415496
Macrophage,FLT4,PPP1CB,2.274059649636455,0.010733890644190851,0.5775431021412494,0.011477717511346464,0.3759340972988913,0.47586396644436085,1.79968961403372
Macrophage,FLT4,DCXR,2.2928796907667337,0.010733890644190851,0.5201800042094384,0.011477717511346464,0.3071040975319594,0.47586396644436085,2.689046567943018
