compartment,omitted_donor,intervention,n_donors,n_cells,clinical_weighted_relative_change,clinical_weighted_signed_change,global_L1_change_excluding_perturbed_nodes,max_abs_gene_change,solve_residual,clinical_baseline_score
Hepatocyte,none,PDGFRA,5,3501,2.87110995510459e-06,2.87110995510459e-06,6.496914837378297e-05,3.413891074951137e-05,9.020562075079397e-17,0.04269348391665102
Hepatocyte,none,FLT4,5,3501,4.863472983548487e-07,4.863472983548487e-07,1.580159046522461e-05,8.14423536283188e-06,9.71445146547012e-17,0.04269348391665102
Hepatocyte,none,PDGFRA+FLT4,5,3501,3.357541792811413e-06,3.357541792811413e-06,7.88047188041199e-05,3.413891074951137e-05,4.163336342344337e-17,0.04269348391665102
Hepatocyte,none,KDR,5,3501,4.714193718421917e-06,4.714193718421917e-06,7.49307570838832e-05,3.9977620684535385e-05,4.85722573273506e-17,0.04269348391665102
Hepatocyte,none,FGFR1,5,3501,1.5111347031553836e-06,1.5111347031553836e-06,4.70222487401602e-05,2.4545844005125662e-05,3.469446951953614e-17,0.04269348391665102
Hepatocyte,none,sham,5,3501,0.0,0.0,0.0,0.0,4.85722573273506e-17,0.04269348391665102
Hepatocyte,none,restored_graph,5,3501,0.0,0.0,0.0,0.0,4.85722573273506e-17,0.04269348391665102
Hepatocyte,P1TLH,PDGFRA,4,3405,3.4313782597470033e-06,2.435993254438082e-06,8.458574403045636e-05,4.399246183668275e-05,4.85722573273506e-17,0.04255072290892914
Hepatocyte,P1TLH,FLT4,4,3405,5.531385637409173e-07,5.531385637409173e-07,1.9236832125777833e-05,9.908611186611504e-06,6.938893903907228e-17,0.04255072290892914
Hepatocyte,P1TLH,PDGFRA+FLT4,4,3405,3.82342630516123e-06,2.989385461289162e-06,0.00010138742221882977,4.399246183668275e-05,7.632783294297951e-17,0.04255072290892914
Hepatocyte,P1TLH,KDR,4,3405,2.3962956570735204e-06,2.3962956570735204e-06,6.788154069878365e-05,3.637874713989754e-05,4.85722573273506e-17,0.04255072290892914
Hepatocyte,P1TLH,FGFR1,4,3405,3.3954632148193973e-06,3.3954632148193973e-06,8.212984844437999e-05,4.2772201135084645e-05,3.469446951953614e-17,0.04255072290892914
Hepatocyte,P1TLH,sham,4,3405,0.0,0.0,0.0,0.0,6.938893903907228e-17,0.04255072290892914
Hepatocyte,P2TLH,PDGFRA,4,2872,3.16806720623428e-06,3.16806720623428e-06,6.30443644052905e-05,3.350205463128976e-05,4.85722573273506e-17,0.04256859814686859
Hepatocyte,P2TLH,FLT4,4,2872,1.4785456678891075e-06,1.4785456678891075e-06,2.6683828906139503e-05,1.4114436500564967e-05,6.245004513516506e-17,0.04256859814686859
Hepatocyte,P2TLH,PDGFRA+FLT4,4,2872,4.647229255936783e-06,4.647229255936783e-06,8.619439985186852e-05,3.350205463128976e-05,6.245004513516506e-17,0.04256859814686859
Hepatocyte,P2TLH,KDR,4,2872,2.6296421969420666e-06,2.6296421969420666e-06,5.024359147951792e-05,2.642899101552641e-05,4.163336342344337e-17,0.04256859814686859
Hepatocyte,P2TLH,FGFR1,4,2872,6.445035129192423e-06,-1.776147214844808e-06,0.00044422587886312585,0.00020630056374501787,9.020562075079397e-17,0.04256859814686859
Hepatocyte,P2TLH,sham,4,2872,0.0,0.0,0.0,0.0,4.163336342344337e-17,0.04256859814686859
Hepatocyte,P3TLH,PDGFRA,4,880,3.937146124759192e-06,3.937146124759192e-06,8.547995882544547e-05,4.4721745195374586e-05,5.551115123125783e-17,0.0426298331700133
Hepatocyte,P3TLH,FLT4,4,880,8.165459404374634e-07,8.165459404374634e-07,2.502731293223515e-05,1.3221596129317094e-05,4.163336342344337e-17,0.0426298331700133
Hepatocyte,P3TLH,PDGFRA+FLT4,4,880,4.753779892423588e-06,4.753779892423588e-06,0.0001074647510312904,4.4721745195374586e-05,4.85722573273506e-17,0.0426298331700133
Hepatocyte,P3TLH,KDR,4,880,2.7492848638830474e-06,2.7492848638830474e-06,7.834101902595787e-05,4.2834862943674516e-05,6.938893903907228e-17,0.0426298331700133
Hepatocyte,P3TLH,FGFR1,4,880,2.3375077054739827e-06,2.3375077054739827e-06,6.383690722401313e-05,3.354255257740702e-05,8.326672684688674e-17,0.0426298331700133
Hepatocyte,P3TLH,sham,4,880,0.0,0.0,0.0,0.0,6.245004513516506e-17,0.0426298331700133
Hepatocyte,P4TLH,PDGFRA,4,3458,3.024239246416748e-06,3.024239246416748e-06,7.776105487627524e-05,4.039541609211891e-05,6.245004513516506e-17,0.04237987767366176
Hepatocyte,P4TLH,FLT4,4,3458,6.729397857925234e-07,6.729397857925234e-07,2.3580435285526243e-05,1.2100905423390825e-05,4.85722573273506e-17,0.04237987767366176
Hepatocyte,P4TLH,PDGFRA+FLT4,4,3458,3.6972355670019557e-06,3.6972355670019557e-06,9.92392251509795e-05,4.039541609211891e-05,6.938893903907228e-17,0.04237987767366176
Hepatocyte,P4TLH,KDR,4,3458,3.2632443857302126e-06,3.2632443857302126e-06,8.556821623918474e-05,4.592834087733714e-05,6.245004513516506e-17,0.04237987767366176
Hepatocyte,P4TLH,FGFR1,4,3458,1.5254139239512502e-06,1.5254139239512502e-06,5.006714873250283e-05,2.6127400578064608e-05,7.632783294297951e-17,0.04237987767366176
Hepatocyte,P4TLH,sham,4,3458,0.0,0.0,0.0,0.0,6.938893903907228e-17,0.04237987767366176
Hepatocyte,P5TLH,PDGFRA,4,3389,3.783512660021205e-06,3.783512660021205e-06,8.073844651925785e-05,4.251684990801298e-05,4.163336342344337e-17,0.042254161378747615
Hepatocyte,P5TLH,FLT4,4,3389,6.954981904425642e-07,6.954981904425642e-07,2.4607385844415056e-05,1.2703572064002834e-05,7.632783294297951e-17,0.042254161378747615
Hepatocyte,P5TLH,PDGFRA+FLT4,4,3389,4.479146193891153e-06,4.479146193891153e-06,0.0001027301716391353,4.251684990801298e-05,6.938893903907228e-17,0.042254161378747615
Hepatocyte,P5TLH,KDR,4,3389,5.215217394823055e-06,5.215217394823055e-06,9.112926612312485e-05,4.8277981628953604e-05,6.245004513516506e-17,0.042254161378747615
Hepatocyte,P5TLH,FGFR1,4,3389,1.8421070184975247e-06,1.8421070184975247e-06,6.272354063041827e-05,3.283854809448571e-05,6.938893903907228e-17,0.042254161378747615
Hepatocyte,P5TLH,sham,4,3389,0.0,0.0,0.0,0.0,2.7755575615628914e-17,0.042254161378747615
Endothelial,none,PDGFRA,5,844,0.00020911329766450841,3.403424739917161e-05,0.0042377811350640514,0.0026378205410094555,2.7755575615628914e-17,0.04268125097417297
Endothelial,none,FLT4,5,844,3.835984217540841e-05,1.399933171421139e-05,0.0015464060705417757,0.0007727998353141196,2.0816681711721685e-17,0.04268125097417297
Endothelial,none,PDGFRA+FLT4,5,844,0.00021543857657779005,4.831381375229242e-05,0.005560470129877392,0.0026378205410094555,2.0816681711721685e-17,0.04268125097417297
Endothelial,none,KDR,5,844,1.2756844085707313e-05,1.2756844085707313e-05,0.00031676796826388115,0.00025714244039594245,2.0816681711721685e-17,0.04268125097417297
Endothelial,none,FGFR1,5,844,1.4230922711884908e-05,1.4230922711884908e-05,0.00035369365586009136,0.00024466078984209755,3.469446951953614e-17,0.04268125097417297
Endothelial,none,sham,5,844,0.0,0.0,0.0,0.0,2.7755575615628914e-17,0.04268125097417297
Endothelial,none,restored_graph,5,844,0.0,0.0,0.0,0.0,2.7755575615628914e-17,0.04268125097417297
Endothelial,P1TLH,PDGFRA,4,632,0.00023329582861145618,6.591763661485708e-05,0.004159984908138243,0.0027121656264737703,3.469446951953614e-17,0.042811918697475526
Endothelial,P1TLH,FLT4,4,632,6.64107504152973e-05,2.188693836527324e-05,0.002057043596320947,0.0011105613938296275,2.7755575615628914e-17,0.042811918697475526
Endothelial,P1TLH,PDGFRA+FLT4,4,632,0.0002460501005299968,8.824033447102836e-05,0.005986197649673425,0.0027121656264737703,2.7755575615628914e-17,0.042811918697475526
Endothelial,P1TLH,KDR,4,632,1.303436291691173e-05,1.303436291691173e-05,0.0002924170330915564,0.00022911758496581503,2.7755575615628914e-17,0.042811918697475526
Endothelial,P1TLH,FGFR1,4,632,0.00014013110687609369,0.00014013110687609369,0.0012670719212699766,0.0006476426091293529,2.7755575615628914e-17,0.042811918697475526
Endothelial,P1TLH,sham,4,632,0.0,0.0,0.0,0.0,2.7755575615628914e-17,0.042811918697475526
Endothelial,P2TLH,PDGFRA,4,759,0.00010037670539227518,0.00010037670539227518,0.0021064914748538657,0.0010536046753367103,2.0816681711721685e-17,0.04276342442104044
Endothelial,P2TLH,FLT4,4,759,9.450945680281917e-06,9.450945680281917e-06,0.0002893160549347756,0.0001663633411619753,3.469446951953614e-17,0.04276342442104044
Endothelial,P2TLH,PDGFRA+FLT4,4,759,0.00010983608484639598,0.00010983608484639598,0.0023611698394769625,0.0010536046753367103,1.3877787807814457e-17,0.04276342442104044
Endothelial,P2TLH,KDR,4,759,1.8050109878563278e-05,1.8050109878563278e-05,0.00031635000169555176,0.00023560240343017044,3.469446951953614e-17,0.04276342442104044
Endothelial,P2TLH,FGFR1,4,759,7.468143616099363e-05,7.468143616099363e-05,0.0016454067399672724,0.0008396405750976506,3.469446951953614e-17,0.04276342442104044
Endothelial,P2TLH,sham,4,759,0.0,0.0,0.0,0.0,3.469446951953614e-17,0.04276342442104044
Endothelial,P3TLH,PDGFRA,4,688,0.00017903940776641455,2.4140914936066145e-05,0.004167828048177811,0.0026498080211775792,2.42861286636753e-17,0.04222019269878488
Endothelial,P3TLH,FLT4,4,688,5.516997040659832e-06,5.516997040659832e-06,0.00021327327246492458,0.0001210524816753228,3.469446951953614e-17,0.04222019269878488
Endothelial,P3TLH,PDGFRA+FLT4,4,688,0.00018307532244182345,2.973263348543273e-05,0.004292445475466461,0.0026498080211775792,2.0816681711721685e-17,0.04222019269878488
Endothelial,P3TLH,KDR,4,688,2.1496099832489683e-05,2.1496099832489683e-05,0.0004418398875940437,0.00037657393455589713,2.7755575615628914e-17,0.04222019269878488
Endothelial,P3TLH,FGFR1,4,688,6.93504441007091e-06,6.93504441007091e-06,0.0002525550778078343,0.0001558968751923867,3.469446951953614e-17,0.04222019269878488
Endothelial,P3TLH,sham,4,688,0.0,0.0,0.0,0.0,2.0816681711721685e-17,0.04222019269878488
Endothelial,P4TLH,PDGFRA,4,693,0.0002003031775521646,-9.271953942473491e-06,0.004801486735876328,0.0026599463903194146,3.469446951953614e-17,0.042423045915393316
Endothelial,P4TLH,FLT4,4,693,8.764468537727277e-05,6.109992124683788e-05,0.0016313833665162765,0.0007721662368963315,4.163336342344337e-17,0.042423045915393316
Endothelial,P4TLH,PDGFRA+FLT4,4,693,0.0002529123967003057,5.2145862312300364e-05,0.006047007916901987,0.0026599463903194146,3.469446951953614e-17,0.042423045915393316
Endothelial,P4TLH,KDR,4,693,1.9096097017721244e-05,1.9096097017721244e-05,0.0018943178059257814,0.0011124646199295594,5.551115123125783e-17,0.042423045915393316
Endothelial,P4TLH,FGFR1,4,693,8.21885216657062e-06,8.21885216657062e-06,0.0002797578079536632,0.00019302247977297658,4.163336342344337e-17,0.042423045915393316
Endothelial,P4TLH,sham,4,693,0.0,0.0,0.0,0.0,2.7755575615628914e-17,0.042423045915393316
Endothelial,P5TLH,PDGFRA,4,604,0.00019981425839123038,5.97858989018765e-05,0.004132727353096451,0.0025925643906982735,4.163336342344337e-17,0.0427141259267758
Endothelial,P5TLH,FLT4,4,604,9.874045227633945e-06,9.874045227633945e-06,0.00029212938317765575,0.00015569853435547603,2.7755575615628914e-17,0.0427141259267758
Endothelial,P5TLH,PDGFRA+FLT4,4,604,0.0002093618560695663,6.969991350668631e-05,0.0043419587530497735,0.0025925643906982735,2.7755575615628914e-17,0.0427141259267758
Endothelial,P5TLH,KDR,4,604,7.759462923722332e-05,7.759462923722332e-05,0.001950506483302491,0.0010928432533769041,2.0816681711721685e-17,0.0427141259267758
Endothelial,P5TLH,FGFR1,4,604,2.643055821597131e-05,2.643055821597131e-05,0.0004262723415979936,0.0002565269542595442,2.7755575615628914e-17,0.0427141259267758
Endothelial,P5TLH,sham,4,604,0.0,0.0,0.0,0.0,2.7755575615628914e-17,0.0427141259267758
Macrophage,none,PDGFRA,5,1192,0.0002255082844753681,0.00017350197260934997,0.0014704416634260945,0.0006868780225292103,4.163336342344337e-17,0.043854566716309246
Macrophage,none,FLT4,5,1192,0.00015315368983887515,0.00013190263864392866,0.001593087345263655,0.0007726581241909562,2.7755575615628914e-17,0.043854566716309246
Macrophage,none,PDGFRA+FLT4,5,1192,0.00038483403152543143,0.0003101103138165467,0.003029503607210649,0.0007726581241909562,3.469446951953614e-17,0.043854566716309246
Macrophage,none,KDR,5,1192,8.754500055281635e-05,8.731143175656753e-05,0.0018305728237448765,0.000856413340091854,4.163336342344337e-17,0.043854566716309246
Macrophage,none,FGFR1,5,1192,6.009056875727081e-07,6.009056875727081e-07,6.771375328755441e-05,4.589497935001999e-05,2.0816681711721685e-17,0.043854566716309246
Macrophage,none,sham,5,1192,0.0,0.0,0.0,0.0,2.7755575615628914e-17,0.043854566716309246
Macrophage,none,restored_graph,5,1192,0.0,0.0,0.0,0.0,2.7755575615628914e-17,0.043854566716309246
Macrophage,P1TLH,PDGFRA,4,909,0.0002695249598849005,0.00020045235699957871,0.0016128724337664392,0.0007486101244022133,2.7755575615628914e-17,0.04356270788089679
Macrophage,P1TLH,FLT4,4,909,0.0001928187215433001,0.0001380493179971234,0.0017958197946177277,0.0008750272944720639,3.469446951953614e-17,0.04356270788089679
Macrophage,P1TLH,PDGFRA+FLT4,4,909,0.0004711583076826826,0.00034470365034549276,0.0033756224879198313,0.0008750272944720639,2.0816681711721685e-17,0.04356270788089679
Macrophage,P1TLH,KDR,4,909,0.00014704826601170002,1.8942448642720792e-05,0.0034556518435629345,0.001662526519061059,1.3877787807814457e-17,0.04356270788089679
Macrophage,P1TLH,FGFR1,4,909,3.8770060545319905e-06,3.8770060545319905e-06,0.00011575963179298796,6.849944172450197e-05,3.469446951953614e-17,0.04356270788089679
Macrophage,P1TLH,sham,4,909,0.0,0.0,0.0,0.0,1.734723475976807e-17,0.04356270788089679
Macrophage,P2TLH,PDGFRA,4,1069,0.0002163417142231482,0.00016752090678275573,0.0014449813963228898,0.0006861735209751095,3.469446951953614e-17,0.04410683336315762
Macrophage,P2TLH,FLT4,4,1069,0.00010912731334759768,0.00010912731334759768,0.0009603785215337349,0.00048447516659832547,2.7755575615628914e-17,0.04410683336315762
Macrophage,P2TLH,PDGFRA+FLT4,4,1069,0.00027679045217556306,0.00027679045217556306,0.0023375610994788923,0.0006861735209751095,2.0816681711721685e-17,0.04410683336315762
Macrophage,P2TLH,KDR,4,1069,9.07747083957997e-05,9.01756181229697e-05,0.0018184161911652184,0.0008483680313131354,4.85722573273506e-17,0.04410683336315762
Macrophage,P2TLH,FGFR1,4,1069,7.294658769343797e-07,7.294658769343797e-07,7.812015946843914e-05,5.377884666921424e-05,2.7755575615628914e-17,0.04410683336315762
Macrophage,P2TLH,sham,4,1069,0.0,0.0,0.0,0.0,3.469446951953614e-17,0.04410683336315762
Macrophage,P3TLH,PDGFRA,4,948,0.0002306581916600124,0.00017028060269775385,0.0015879021770199273,0.0007314970027779189,2.0816681711721685e-17,0.043914856548319794
Macrophage,P3TLH,FLT4,4,948,8.047142527319391e-05,6.0664222273391e-05,0.0006101229323464323,0.0003021036090802146,2.7755575615628914e-17,0.043914856548319794
Macrophage,P3TLH,PDGFRA+FLT4,4,948,0.00031438452897572603,0.00023358166438329608,0.0021619255061247665,0.0007314970027779189,3.469446951953614e-17,0.043914856548319794
Macrophage,P3TLH,KDR,4,948,1.743647280958793e-05,1.743647280958793e-05,0.0022582222793589703,0.0012132002335877978,1.734723475976807e-17,0.043914856548319794
Macrophage,P3TLH,FGFR1,4,948,1.8937035295176146e-06,1.8937035295176146e-06,9.226852405174165e-05,6.011738696231163e-05,2.0816681711721685e-17,0.043914856548319794
Macrophage,P3TLH,sham,4,948,0.0,0.0,0.0,0.0,2.0816681711721685e-17,0.043914856548319794
Macrophage,P4TLH,PDGFRA,4,898,0.00016344823453192024,6.0100361916328656e-05,0.001388168960705562,0.0006301380490169209,3.469446951953614e-17,0.043337496830794374
Macrophage,P4TLH,FLT4,4,898,0.0001579186648671699,1.3917058679307286e-05,0.0025900028586135523,0.0012111161980054457,2.7755575615628914e-17,0.043337496830794374
Macrophage,P4TLH,PDGFRA+FLT4,4,898,0.00022060806042819588,7.410126588362053e-05,0.0038323019688552805,0.0012111161980054457,2.0816681711721685e-17,0.043337496830794374
Macrophage,P4TLH,KDR,4,898,1.413735565374423e-05,1.413735565374423e-05,0.00016893624662333347,0.00011062585461026167,2.0816681711721685e-17,0.043337496830794374
Macrophage,P4TLH,FGFR1,4,898,3.299785432300372e-06,3.299785432300372e-06,0.00010937805563961464,6.717078123732738e-05,3.469446951953614e-17,0.043337496830794374
Macrophage,P4TLH,sham,4,898,0.0,0.0,0.0,0.0,2.7755575615628914e-17,0.043337496830794374
Macrophage,P5TLH,PDGFRA,4,944,0.0002912851240765549,0.00023463105141188125,0.0016771596052307857,0.0007942449996683494,4.163336342344337e-17,0.04407166183967794
Macrophage,P5TLH,FLT4,4,944,0.00018834381113586152,0.00018794521957024576,0.0018207221886174553,0.0008724566508832233,3.469446951953614e-17,0.04407166183967794
Macrophage,P5TLH,PDGFRA+FLT4,4,944,0.00048205416626816177,0.00043003889414885895,0.0034636931291691774,0.0008724566508832233,3.469446951953614e-17,0.04407166183967794
Macrophage,P5TLH,KDR,4,944,0.00012371194943843237,0.00012371194943843237,0.0021048263184447677,0.0009642407752300812,4.163336342344337e-17,0.04407166183967794
Macrophage,P5TLH,FGFR1,4,944,2.3716000922567423e-05,1.740366899377032e-05,0.0005113449908236835,0.00025944995438820435,3.469446951953614e-17,0.04407166183967794
Macrophage,P5TLH,sham,4,944,0.0,0.0,0.0,0.0,3.469446951953614e-17,0.04407166183967794
