compartment,comparison,n_matched_candidates,spearman_rho,spearman_p_descriptive,comparison_status
Hepatocyte,old_scTenifold_median_anchor_percentile,11,0.4181818181818182,0.2005702170340504,UNFILTERED_ARCHIVE_INCLUDES_NUMERICAL_ZERO_INVALID_FOR_PRIMARY_COMPARISON
Hepatocyte,old_scTenifold_matched_null_z,11,0.3545454545454546,0.2846927409558867,UNFILTERED_ARCHIVE_INCLUDES_NUMERICAL_ZERO_INVALID_FOR_PRIMARY_COMPARISON
Endothelial,old_scTenifold_median_anchor_percentile,12,-0.0909090909090909,0.7787253962454419,UNFILTERED_ARCHIVE_INCLUDES_NUMERICAL_ZERO_INVALID_FOR_PRIMARY_COMPARISON
Endothelial,old_scTenifold_matched_null_z,12,-0.2727272727272727,0.3910967709418961,UNFILTERED_ARCHIVE_INCLUDES_NUMERICAL_ZERO_INVALID_FOR_PRIMARY_COMPARISON
Macrophage,old_scTenifold_median_anchor_percentile,12,0.2167832167832168,0.4985559855241884,UNFILTERED_ARCHIVE_INCLUDES_NUMERICAL_ZERO_INVALID_FOR_PRIMARY_COMPARISON
Macrophage,old_scTenifold_matched_null_z,12,-0.1958041958041958,0.5419358857313173,UNFILTERED_ARCHIVE_INCLUDES_NUMERICAL_ZERO_INVALID_FOR_PRIMARY_COMPARISON
Hepatocyte,LODO_P1TLH,17,0.5147058823529412,0.0345076988320425,VALID_DONOR_DELETION
Hepatocyte,LODO_P2TLH,17,0.4705882352941176,0.0565941087969963,VALID_DONOR_DELETION
Hepatocyte,LODO_P3TLH,16,0.7470588235294118,0.0008821069929846,VALID_DONOR_DELETION
Hepatocyte,LODO_P4TLH,17,0.556372549019608,0.0203705866245189,VALID_DONOR_DELETION
Hepatocyte,LODO_P5TLH,17,0.6151960784313726,0.0085755734245941,VALID_DONOR_DELETION
Endothelial,LODO_P1TLH,16,0.1823529411764705,0.4990748572458002,VALID_DONOR_DELETION
Endothelial,LODO_P2TLH,16,0.7647058823529411,0.0005596762943567,VALID_DONOR_DELETION
Endothelial,LODO_P3TLH,16,0.9470588235294116,2.715731165956676e-08,VALID_DONOR_DELETION
Endothelial,LODO_P4TLH,16,0.6352941176470589,0.008182064616334,VALID_DONOR_DELETION
Endothelial,LODO_P5TLH,16,0.7088235294117646,0.0021116812392545,VALID_DONOR_DELETION
Macrophage,LODO_P1TLH,17,0.7916666666666667,0.0001527753453739,VALID_DONOR_DELETION
Macrophage,LODO_P2TLH,17,0.9509803921568628,4.791756848318356e-09,VALID_DONOR_DELETION
Macrophage,LODO_P3TLH,17,0.7990196078431374,0.0001193970638438,VALID_DONOR_DELETION
Macrophage,LODO_P4TLH,17,0.7622549019607844,0.0003749439673286,VALID_DONOR_DELETION
Macrophage,LODO_P5TLH,17,0.4485294117647059,0.0709464396376371,VALID_DONOR_DELETION
