source_paragraph	action
0	retained
1	retained
2	retained
3	retained
4	retained
5	retained
6	retained
7	retained
8	edited for JCM narrative, terminology, or figure mapping
9	edited for JCM narrative, terminology, or figure mapping
10	edited for JCM narrative, terminology, or figure mapping
11	edited for JCM narrative, terminology, or figure mapping
12	retained
13	edited for JCM narrative, terminology, or figure mapping
14	retained
15	retained
16	retained
17	retained
18	retained
19	retained
20	edited for JCM narrative, terminology, or figure mapping
21	retained
22	edited for JCM narrative, terminology, or figure mapping
23	edited for JCM narrative, terminology, or figure mapping
24	retained
25	retained
26	retained
27	retained
28	retained
29	retained
30	retained
31	retained
32	retained
33	retained
34	retained
35	retained
36	retained
37	edited for JCM narrative, terminology, or figure mapping
38	retained
39	retained
40	edited for JCM narrative, terminology, or figure mapping
41	retained
42	retained
43	retained
44	retained
45	edited for JCM narrative, terminology, or figure mapping
46	retained
47	retained
48	retained
49	retained
50	retained
51	edited for JCM narrative, terminology, or figure mapping
52	edited for JCM narrative, terminology, or figure mapping
53	edited for JCM narrative, terminology, or figure mapping
54	retained
55	edited for JCM narrative, terminology, or figure mapping
56	retained
57	retained
58	edited for JCM narrative, terminology, or figure mapping
59	retained
60	retained
61	edited for JCM narrative, terminology, or figure mapping
62	retained
63	retained
64	retained
65	retained
66	retained
67	retained
68	retained
69	retained
70	retained
71	retained
72	edited for JCM narrative, terminology, or figure mapping
73	retained
74	retained
75	retained
76	retained
77	retained
78	retained
79	retained
80	retained
81	retained
82	retained
83	retained
84	retained
85	edited for JCM narrative, terminology, or figure mapping
86	retained
87	edited for JCM narrative, terminology, or figure mapping
88	complete original in supplementary integration text; abbreviated main text
89	complete original moved to supplementary integration text
90	complete original moved to supplementary integration text
91	redundant heading removed
92	complete original in supplementary integration text; abbreviated main text
93	complete original moved to supplementary integration text
94	complete original moved to supplementary integration text
95	complete original moved to supplementary integration text
96	edited for JCM narrative, terminology, or figure mapping; moved to start of priority Results
97	complete original in supplementary integration text; abbreviated main text
98	edited for JCM narrative, terminology, or figure mapping; moved to start of priority Results
99	redundant heading removed
100	complete original in supplementary integration text; abbreviated main text
101	retained
102	edited for JCM narrative, terminology, or figure mapping
103	edited for JCM narrative, terminology, or figure mapping
104	edited for JCM narrative, terminology, or figure mapping
105	edited for JCM narrative, terminology, or figure mapping
106	retained
107	retained
108	retained
109	retained
110	retained
111	complete original in supplementary integration text; abbreviated main text
112	retained
113	retained
114	edited for JCM narrative, terminology, or figure mapping
115	retained
116	retained
117	retained
118	edited for JCM narrative, terminology, or figure mapping
119	edited for JCM narrative, terminology, or figure mapping
120	edited for JCM narrative, terminology, or figure mapping
121	edited for JCM narrative, terminology, or figure mapping
122	retained
123	retained
124	edited for JCM narrative, terminology, or figure mapping
125	retained
126	retained
127	edited for JCM narrative, terminology, or figure mapping
128	retained
129	retained
130	edited for JCM narrative, terminology, or figure mapping
131	retained
132	redundant heading removed
133	edited for JCM narrative, terminology, or figure mapping
134	retained
135	edited for JCM narrative, terminology, or figure mapping
136	edited for JCM narrative, terminology, or figure mapping
137	edited for JCM narrative, terminology, or figure mapping
138	edited for JCM narrative, terminology, or figure mapping
139	retained
140	edited for JCM narrative, terminology, or figure mapping
141	retained
142	retained
143	retained
144	edited for JCM narrative, terminology, or figure mapping
145	edited for JCM narrative, terminology, or figure mapping
146	edited for JCM narrative, terminology, or figure mapping
147	retained
148	redundant heading removed
149	retained
150	edited for JCM narrative, terminology, or figure mapping
151	edited for JCM narrative, terminology, or figure mapping
152	edited for JCM narrative, terminology, or figure mapping
153	edited for JCM narrative, terminology, or figure mapping
154	retained
155	retained
156	edited for JCM narrative, terminology, or figure mapping
157	retained
158	retained
159	retained
160	retained
161	retained
162	retained
163	retained
164	retained
165	edited for JCM narrative, terminology, or figure mapping
166	heading or legend removed from main; Figure 5 legend moved to S12
167	heading or legend removed from main; Figure 5 legend moved to S12
168	edited for JCM narrative, terminology, or figure mapping
169	retained
170	edited for JCM narrative, terminology, or figure mapping
171	edited for JCM narrative, terminology, or figure mapping
172	retained
173	retained
174	retained
175	retained
176	retained
177	retained
178	reference metadata corrected and ACS formatted; source numbering retained
179	reference metadata corrected and ACS formatted; source numbering retained
180	reference metadata corrected and ACS formatted; source numbering retained
181	reference metadata corrected and ACS formatted; source numbering retained
182	reference metadata corrected and ACS formatted; source numbering retained
183	reference metadata corrected and ACS formatted; source numbering retained
184	reference metadata corrected and ACS formatted; source numbering retained
185	reference metadata corrected and ACS formatted; source numbering retained
186	reference metadata corrected and ACS formatted; source numbering retained
187	reference metadata corrected and ACS formatted; source numbering retained
188	reference metadata corrected and ACS formatted; source numbering retained
189	reference metadata corrected and ACS formatted; source numbering retained
190	reference metadata corrected and ACS formatted; source numbering retained
191	reference metadata corrected and ACS formatted; source numbering retained
192	reference metadata corrected and ACS formatted; source numbering retained
193	reference metadata corrected and ACS formatted; source numbering retained
194	reference metadata corrected and ACS formatted; source numbering retained
195	reference metadata corrected and ACS formatted; source numbering retained
196	reference metadata corrected and ACS formatted; source numbering retained
197	reference metadata corrected and ACS formatted; source numbering retained
198	reference metadata corrected and ACS formatted; source numbering retained
199	reference metadata corrected and ACS formatted; source numbering retained
200	reference metadata corrected and ACS formatted; source numbering retained
201	reference metadata corrected and ACS formatted; source numbering retained
202	reference metadata corrected and ACS formatted; source numbering retained
203	reference metadata corrected and ACS formatted; source numbering retained
204	reference metadata corrected and ACS formatted; source numbering retained
205	reference metadata corrected and ACS formatted; source numbering retained
206	reference metadata corrected and ACS formatted; source numbering retained
207	reference metadata corrected and ACS formatted; source numbering retained
208	reference metadata corrected and ACS formatted; source numbering retained
209	reference metadata corrected and ACS formatted; source numbering retained
210	reference metadata corrected and ACS formatted; source numbering retained
211	reference metadata corrected and ACS formatted; source numbering retained
212	reference metadata corrected and ACS formatted; source numbering retained
213	reference metadata corrected and ACS formatted; source numbering retained
214	reference metadata corrected and ACS formatted; source numbering retained
215	reference metadata corrected and ACS formatted; source numbering retained
216	reference metadata corrected and ACS formatted; source numbering retained
217	reference metadata corrected and ACS formatted; source numbering retained
218	reference metadata corrected and ACS formatted; source numbering retained
219	reference metadata corrected and ACS formatted; source numbering retained
220	reference metadata corrected and ACS formatted; source numbering retained
221	reference metadata corrected and ACS formatted; source numbering retained
222	reference metadata corrected and ACS formatted; source numbering retained
223	reference metadata corrected and ACS formatted; source numbering retained
224	reference metadata corrected and ACS formatted; source numbering retained
225	reference metadata corrected and ACS formatted; source numbering retained
226	reference metadata corrected and ACS formatted; source numbering retained
227	reference metadata corrected and ACS formatted; source numbering retained
228	reference metadata corrected and ACS formatted; source numbering retained
229	reference metadata corrected and ACS formatted; source numbering retained
230	reference metadata corrected and ACS formatted; source numbering retained
231	reference metadata corrected and ACS formatted; source numbering retained
232	reference metadata corrected and ACS formatted; source numbering retained
233	reference metadata corrected and ACS formatted; source numbering retained
234	reference metadata corrected and ACS formatted; source numbering retained
235	reference metadata corrected and ACS formatted; source numbering retained
236	reference metadata corrected and ACS formatted; source numbering retained
237	reference metadata corrected and ACS formatted; source numbering retained
238	reference metadata corrected and ACS formatted; source numbering retained
239	reference metadata corrected and ACS formatted; source numbering retained
240	reference metadata corrected and ACS formatted; source numbering retained
241	reference metadata corrected and ACS formatted; source numbering retained
242	reference metadata corrected and ACS formatted; source numbering retained
243	reference metadata corrected and ACS formatted; source numbering retained
244	reference metadata corrected and ACS formatted; source numbering retained
245	reference metadata corrected and ACS formatted; source numbering retained
246	reference metadata corrected and ACS formatted; source numbering retained
247	reference metadata corrected and ACS formatted; source numbering retained
248	reference metadata corrected and ACS formatted; source numbering retained
249	reference metadata corrected and ACS formatted; source numbering retained
250	reference metadata corrected and ACS formatted; source numbering retained
251	reference metadata corrected and ACS formatted; source numbering retained
252	reference metadata corrected and ACS formatted; source numbering retained
253	reference metadata corrected and ACS formatted; source numbering retained
254	reference metadata corrected and ACS formatted; source numbering retained
255	reference metadata corrected and ACS formatted; source numbering retained
256	reference metadata corrected and ACS formatted; source numbering retained
257	reference metadata corrected and ACS formatted; source numbering retained
258	reference metadata corrected and ACS formatted; source numbering retained
259	reference metadata corrected and ACS formatted; source numbering retained
260	reference metadata corrected and ACS formatted; source numbering retained
261	reference metadata corrected and ACS formatted; source numbering retained
262	reference metadata corrected and ACS formatted; source numbering retained
263	reference metadata corrected and ACS formatted; source numbering retained
264	reference metadata corrected and ACS formatted; source numbering retained
265	reference metadata corrected and ACS formatted; source numbering retained
266	reference metadata corrected and ACS formatted; source numbering retained
267	reference metadata corrected and ACS formatted; source numbering retained
268	reference metadata corrected and ACS formatted; source numbering retained
269	reference metadata corrected and ACS formatted; source numbering retained
270	reference metadata corrected and ACS formatted; source numbering retained
271	reference metadata corrected and ACS formatted; source numbering retained
272	reference metadata corrected and ACS formatted; source numbering retained
273	reference metadata corrected and ACS formatted; source numbering retained
274	reference metadata corrected and ACS formatted; source numbering retained