gene,disease_log2FC,q_value_BH_genome,treatment_log2FC
2010003K11RIK,1.835946969,9.479182906983846e-05,-0.2194335500333339
3110039M20RIK,-0.5344731298888892,0.0024150493155431,0.0196527408888891
3110070M22RIK,-0.6816040627777777,0.0208552014380093,0.1434528582444447
5033404E19RIK,-0.8720567724444446,0.0143711118942995,-0.0253830265222219
ABCC4,0.9613194985555557,0.0024150493155431,-0.0700917697222207
ABCD2,1.4150632274444446,0.0001233376551908,-0.0024843218111101
ACAD12,-0.9801364928888888,0.0003346070602249,0.0791063389555555
ACOT9,0.7543818215555556,0.0389402752733652,-0.058408373622222
ADCY7,0.6695000251111112,0.0040679639970698,-0.2588804514111116
ADH6-PS1,-1.910238681777778,4.778393985604654e-05,-0.8922812097888881
ADRB3,-0.6861188199999995,0.0302975886068376,0.0269333486
AKAP14,-0.5376500903333339,0.0261287854067536,0.1955332435000008
AMBN,-0.6227698674444451,0.0345054646709329,0.0880494629111119
ANXA1,0.8714140710000002,0.0065165070671966,-0.0397537219000003
AOX3,-0.5326343722222209,0.0352224301571156,-0.3905097610111117
APOA4,2.281209987666667,6.132385288526734e-09,0.3155130756666651
APP,0.5548633657777788,0.0002333461317281,-0.0193357296111109
ARHGAP42,-0.5001240465555554,0.0087842412011333,0.1350441346555557
ARL2BP,0.7544879849999999,0.0173264267342278,-0.2787761544333325
ARMCX4,0.8294920672222217,0.0480236925676515,0.4321517804111123
AVPR1A,-1.7009332193333346,0.0025406043164828,-0.8279796911666661
BAX,0.7335814914444443,0.0121819999767836,0.1174338687888898
BICC1,0.7653886678888897,0.0119388235864349,0.1646048574777774
BLNK,1.1187334352222231,0.0137851385793145,-0.1704355417222229
BMP4,-0.7275137908888887,0.0106660057821082,0.2808350413222218
CAPN8,-0.7210062331111109,0.0021075035774942,-0.0160892604222215
CARD19,0.5356900230000008,0.0104066918854135,0.0839122763000004
CBARP,-0.5546419641111107,0.0067776636402024,0.1845508600444443
CBR1,0.9662498954444434,0.0005648221290997,0.2488201278888908
CBR3,0.9862537165555548,0.0028414889718741,0.3280451689444463
CCDC185,-0.5871638123333329,0.0022042035157909,0.1905390510666671
CCDC3,0.7413409982222214,0.0235870736307419,0.1410804833444459
CCDC80,1.2863547275555556,1.9112352302946795e-06,0.1372638329111124
CCL5,1.8881009921111112,0.0019462284283161,-0.4613767799111112
CCNA2,0.8619755905555557,0.0231957015836513,-0.3778744905222218
CCND1,1.5390243652222226,0.0004788667732303,-0.4111083255555554
CD163,-0.8769480826666669,0.0127754497081521,0.0760405525000003
CD24A,1.3675206196666665,0.0001801697015134,-0.1010295718999989
CD52,0.7677250828888873,0.0067776636402024,-0.3565114474222204
CD74,0.6652783352222222,0.0070106772614556,-0.2491032791222212
CD9,0.6742750415555561,0.0345054646709329,-0.0660426246222209
CDC42BPG,0.5260375989999995,0.0416036993797333,0.1157310739333352
CDC42SE1,0.5650573378888888,0.0024150493155431,0.0516035155444454
CDK1,1.2589369228888891,0.0163714608182542,0.2700361684111119
CDKN2C,1.4358860985555566,4.994679607587043e-07,0.4502542942111116
CDT1,0.8407408259999993,0.0119388235864349,-0.0765577508999992
CELA1,-1.433585997999999,3.303067986297264e-05,-0.1809640031999997
CENPA,1.1571742097777773,0.0022544660957196,-0.2664589184111099
CES1E,-0.6536395351111093,0.0029798249984958,-0.0367554265555565
CES4A,-0.650846261555555,0.0107681097526327,-0.0155872973444441
CGN,-0.6441329112222212,0.0383125759275361,-0.4814309315111122
CHIC1,-0.5996975215555556,0.0163714608182542,-0.0789198536111106
CHTF8,0.6779818036666665,0.0083277394660645,-0.0882434818333326
CIMIP2C,-0.6005288505555564,0.0056080974828914,0.0476218585888896
CITED2,-0.8031233333333327,0.0399194408173335,-0.1066399187666666
CLEC7A,1.138032164000001,0.0001379119860171,0.2077046886666664
CLSTN3,-1.155307632444445,0.000130527330609,0.0220480845777784
CMTM7,0.7502269854444443,0.0449007523481741,-0.1200784393444438
CNMD,-2.7475011146666666,8.534229393683079e-05,0.9081996550000002
COL14A1,0.5307191693333335,0.0107681097526327,0.0916254243666667
COL1A2,1.9646756440000008,4.994679607587043e-07,0.1585887415333333
COL27A1,-0.7193412278888891,0.0293318154796386,0.3386782020222227
COL3A1,1.366636195222223,3.573261466701267e-05,0.0892075943777772
COL4A1,0.6965127583333324,0.0298127894207795,-0.0370075732666643
COL4A2,0.7957773346666661,0.0094377228311473,0.1117217201000011
COL4A5,0.7183563051111115,0.0119388235864349,0.2845838134222225
COL5A2,1.0568727687777768,0.0004788667732303,0.07792814268889
COL6A2,0.808227680111111,0.0109679836041967,-0.0697128587444444
COL6A3,0.9643312354444432,0.0045761526505421,0.1614206821555575
CORO1A,0.9796370658888892,0.0014285650234673,-0.2395316879222226
CPE,1.637574777777778,0.0055689853234135,-0.1979161381111112
CRTAP,1.4765568857777778,0.0093580958446803,-0.1497070641111095
CRYBG1,0.7799555087777779,0.0093977167447664,-0.0288080072777772
CSF2RB2,0.8191384922222218,0.0082395134906066,0.0625606916111118
CSRP1,0.7794306382222222,0.002029229812966,0.031149069644444
CTLA2A,0.7956409638888884,0.0049284210330675,-0.1976905472555552
CTNNA2,-0.5042521348888889,0.0405942950210479,0.0278485312222223
CTSS,0.6380030763333338,0.0147844482419277,-0.1483368822333322
CXCL16,0.6513672662222207,0.0235542830083817,-0.256938894955554
CYBB,0.7492821633333335,0.036069904153328,-0.1915838138999994
CYGB,0.6491575368888896,0.0328723068747798,0.1694966297444446
CYP2C37,-1.2490568049999986,0.0008005217602371,0.2216622651000008
CYP2C54,-0.9698062215555564,0.0114871157413891,0.1006567973888898
CYP2J6,-0.7960789887777784,0.0089720348984964,-0.0112662691888889
CYP2U1,-1.275433783444445,0.0018353510806183,-0.4662977916888886
CYP39A1,1.1150609002222218,0.0012885658405272,0.1852429654777792
CYP3A44,0.7887331560000002,0.0239571202028173,0.0155629539666675
CYP4A31,0.9498500181111104,0.0406254521104356,0.1775466257555562
CYP7A1,1.3915101595555548,0.0066000125535439,0.4237311847444456
CYP7B1,-2.489868238333335,3.303067986297264e-05,-0.8404759943999975
DCBLD1,0.5572274308888883,0.0049284210330675,-0.018088508888888
DNASE1,-0.5479404562222223,0.0028612754484924,0.0731890173555553
DPT,1.8521243453333345,0.0001033912958208,-0.1829693738333349
DPY19L3,-1.0284740871111109,9.46406374959628e-06,-0.322231052622222
EDNRB,0.7153290610000003,0.0465051140450225,0.0451564176000003
EEIG2,0.6078502576666667,0.0127754497081521,-0.1103439130666661
EMB,0.5390160381111104,0.0489495761949749,0.0656364805888896
EME2,-0.8508183797777775,0.0322940513609957,-0.1783503002555551
EMP1,1.373891291111112,0.0318322689076142,-0.2607689338111125
ENTREZ_320197,-0.5726610913333334,0.0271012968188454,-0.1066039596666663
FBN1,0.8837623663333325,0.005992288907815,0.0809193493666682
FGF1,-1.0283414043333332,0.000709167802656,0.3378158574999998
FITM1,-3.545492468333334,5.9421522822945475e-08,-0.1930120520333331
FMO4,0.7190969894444441,0.0369032646021684,-0.2074811803111105
FSTL1,1.0069329722222229,0.0014653038587413,0.1031928125111107
FZD7,-0.6724855275555557,0.0030896106598954,-0.3123051257777778
GABRR1,-0.7967029254444444,0.0099325028198581,0.0455631533444447
GDF10,0.7623676977777789,0.0001136512596954,0.0907160674888896
GLIPR1,0.7725437087777784,0.0172758576278102,-0.1815563514444447
GLTP,0.5620121951111106,0.0269775515711457,0.0217758259555553
GLUL,-0.8703920247777788,0.0104066918854135,-0.0140219108888892
GM32031,0.7293516936666666,0.0119388235864349,-0.0696798054999989
GM38440,-0.5781315212222222,0.0207972121583245,0.2149945882555561
GMPPB,-0.7955080218888879,0.0256820373132789,-0.3931169109777785
GNA14,-0.9885885951111112,3.303067986297264e-05,0.0236554227111112
GOLM1,0.9861625922222216,0.0001033912958208,0.0587934512111116
GPAT3,1.077988415888889,0.0262695881241633,-0.0119282327888887
GPNMB,2.325739292555556,0.0001029245233137,0.1593788614777782
GPX7,0.7527361553333329,0.0412745706567205,0.1565655477333338
GSTM3,1.7860532370000008,3.303067986297264e-05,0.1057406240333325
GTF2F1,-0.5148138618888884,0.0111938437678484,0.0437970955888902
H2-AA,0.6919754135555545,0.0132838749921346,-0.1518255252888867
H2-AB1,0.790803008777778,0.0074517512305964,-0.1921618139444429
H2-EB1,0.8474908585555552,0.0011077898853512,-0.2493254172555543
HAMP2,1.6197393696666662,0.0014067424484998,0.6089185290000021
HECTD2OS,-1.3556538342222222,0.0115883128077074,-0.2917180880111107
HES6,-0.6848248191111113,0.0107592016117699,0.4012138136111121
HPSE,0.710837492444444,0.0094377228311473,-0.1905399989777763
HRC,-0.7695596730000003,0.0309911399256736,-0.029972964233333
HSD3B5,-3.861565675000001,0.0032203977548645,-1.5294951192333333
HVCN1,0.8942584171111112,0.0042235629853671,-0.255184629944444
HYAL1,-0.6679072472222218,0.0082395134906066,0.1936675158888894
ID3,-0.637927117555555,0.0401354709166354,-0.4527912241777772
IFI27L2B,1.4261069182222226,0.0103514625401441,-0.0538259177888882
IGFBP3,0.5792804954444462,0.0345054646709329,-0.2159044917777786
IGHA,1.364435519444445,0.0022544660957196,-0.7779212419777775
IGKC,1.0849910512222216,0.0105357701584686,-0.7644254789888887
IGSF8,0.5927047586666676,0.0169109245646981,0.1584830849999994
IL2RG,0.9350716552222224,0.013496370149836,-0.372759512655556
INCA1,-0.6971587814444442,0.0403521902340663,-0.0232397633222225
IQGAP1,0.5930274028888887,0.0143711118942995,-0.0623750980555541
ITGB2,0.8263705201111113,0.0317398845484701,-0.261900757777779
ITIH5,0.8121713460000004,0.0124535127254792,0.036101239033333
ITPRIPL2,0.7180372121111107,0.0048276162447565,-0.1778614438777781
JCHAIN,1.0678871987777776,0.0166005208064279,-0.7259170384111107
KHDRBS3,-0.6631114407777776,0.0064872667527996,-0.0365054801222211
KLRD1,0.8413043896666661,0.0166440337739331,-0.046294378066666
LAPTM5,0.7102856041111112,0.0054017670036323,-0.0837186673111105
LEPR,1.340672646666666,0.0067776636402024,0.4132843996666677
LGALS3,1.069627182333333,0.0012885658405272,0.1165695027
LGALS4,1.0596832974444457,0.0267885026275121,-0.0473752332111114
LHPP,-1.8023621662222225,0.0027186702454561,0.2705069645555564
LOC432842,-0.5761079405555556,0.0137851385793145,0.2242853853888893
LOXL1,0.5035356646666664,0.0420931395515997,-0.0901225100666667
LRATD2,0.6961993816666672,0.0056080974828914,-0.0003561045333331
LUM,1.542599243222221,2.470544692639305e-05,0.3699279929444454
LXN,0.6300006219999998,0.0136807663888002,-0.1141158225000005
LY6D,1.9577965123333323,0.0062360143546591,0.3175040414000012
LYVE1,0.9731261901111106,0.0094377228311473,-0.2334883253444424
MAD2L1,0.791062534888888,0.0165243199090029,-0.1271771781555539
MAP4K4,0.8227529405555556,0.0269775515711457,-0.386646424655555
MAPK1IP1,-0.6132047415555562,0.0049284210330675,-0.1216902902111112
MAPKAPK3,0.6393852372222222,0.0239063132406035,-0.2198811088222214
MCC,-0.5214597253333335,0.0458233868043782,-0.1252150191999992
MFGE8,0.6775525323333333,0.0137926006622251,0.2515157181333336
MFSD2A,1.556923414999999,0.0003111614510096,0.764781286033335
MFSD8,-0.6110427665555553,0.0384712279756565,-0.0805735666777778
MMP12,2.0187322897777773,0.0027186702454561,-0.0955005104111101
MMP2,1.4188544024444436,0.0004298452610447,0.166892845455556
MOGAT1,-0.9198222851111112,0.0129320103684776,0.1021195318777783
MORN4,-0.5305513853333332,0.0430842793735222,0.0794026860333332
MOXD1,-0.5889295665555556,0.0048436716646965,0.0553118383222228
MS4A1,0.7480944314444451,0.0465051140450225,-0.4322892343111113
MS4A4B,0.8056084366666671,0.0300100978852764,-0.3792718376000001
MS4A6B,1.2472484014444447,0.0020506366682457,-0.4199774277444437
MS4A6C,0.7805396938888896,0.0286674438842703,-0.1065822496222219
MS4A7,1.6388054023333338,0.0019613941309598,-0.4435985844666668
MT1,1.6497980675555557,0.0047153163035857,2.069993968077778
MT2,1.8524009688888885,0.0147844482419277,2.889380927777779
MTMR11,1.5909854819999998,2.528059957980441e-05,-0.3071608170999997
MUP5,-0.6813183416666666,0.0041079888418502,-0.1812209997666656
MXRA8,0.6048358558888882,0.0076488435336275,0.0514445021444451
NARS2,-0.5870983287777785,0.0017962748926488,0.1076450628777783
NAT1,-1.081174645888889,0.0041079888418502,0.0412360993888887
NAT8F5,-1.1862878675555564,0.0136807663888002,-0.400042063977776
NBDY,1.2565735025555549,3.303067986297264e-05,-0.0771201316222214
NEK2,1.3092691554444444,0.0291339573599536,-0.2471961602111112
NHLRC2,0.6032165800000016,0.0318069138361497,0.4632021234333328
NID1,0.7977623240000007,0.0164407036183939,0.1023450818333335
NIPA1,0.8792230688888889,0.0027186702454561,0.1082061597111114
NPDC1,0.7528590475555554,0.0417205977690747,-0.1031508283888884
NPR2,-1.2294552522222224,3.303067986297264e-05,-0.1283478051777766
NR4A2,-0.8358657698888883,0.049735005173277,-0.0129692961777783
NXPE2,-1.7901733054444442,1.7803267192641938e-07,-0.1985218329555551
OAT,-1.634992272,0.0010480094396755,0.0265440573666673
OLFM3,0.6459846681111108,0.0399194408173335,-0.0701324034111099
OLFML3,1.0731712653333334,0.020858171402138,0.1163794842999994
OLIG1,-2.322906697444445,0.0012613045940137,-0.074358488722221
PAM,0.6750875912222218,0.0038792580710307,-0.0232301676555541
PAQR4,0.677248586777778,0.036069904153328,-0.1905684177111108
PDILT,-0.7965467520000002,0.0107125603394179,0.1543471123000008
PECAM1,0.7908275618888885,0.043818525918266,-0.4969294374888884
PF4,0.9428055084444448,0.0094377228311473,-0.0961517507111109
PLAT,0.9206613566666664,0.013496370149836,-0.275479471333333
PLBD1,-0.8625798452222231,0.0064786695321488,-0.1615938596111101
PLCG2,0.7680418665555568,0.0090041938889443,-0.2358396874222217
PLEKHB1,-0.7248021813333327,0.0465051140450225,0.2419268582000002
PLEKHO1,0.6840135279999999,0.0136807663888002,-0.1317550093333332
PLPP2,0.6499935563333334,0.0061385756917863,0.0623654146000012
PMM1,-0.9429897515555554,0.0003086379262916,-0.0117834835777776
PNLDC1,-1.0961576875555563,0.0024150493155431,0.17467361678889
POC1B,-0.6056710239999998,0.0052126618565826,0.0760409829666666
POLE4,-0.6058450882222219,0.0065890014375947,-0.1117627763777777
POSTN,0.762730552333335,0.014797680941525,0.181636479799998
POU2AF1,0.6148966558888889,0.0225619297962376,0.0662630355444449
PRKX,0.5139824254444445,0.0082395134906066,-0.0617690868444436
PROM1,1.3578151419999998,0.0009398821495538,0.1825298114666669
PTGER4,0.5419128376666666,0.0406254521104356,-0.2009872472333329
PTPRC,0.900265281666667,0.0258733468786273,-0.260712235733334
PYGB,0.9884499033333336,0.0352224301571156,0.1401548770666663
RAB3D,0.6997250818888889,0.0038792580710307,0.188541444077777
RARRES1,-1.2473202231111111,0.000709167802656,-0.1201001706555544
RBM20,-0.812191699888889,0.0107125603394179,-0.081578053211111
RBP1,1.16929272788889,0.0289082194013566,-0.1418555252555542
RDH9,0.7383265385555546,0.0031179444424897,0.4266934993777802
RFXANK,-0.5503605431111112,0.0235870736307419,-0.2701896771222216
RGS5,0.5922848304444441,0.0258733468786273,-0.0386025774777776
RHBDF1,0.916382328333333,0.0028516910968812,0.2204865552666675
RHOC,0.6725764594444446,0.0259514815337745,-0.0851227977444439
RMDN2,-0.7838586915555554,0.0319456597622858,-0.155238924711111
RNASEH2B,0.7973223308888882,0.0048436716646965,0.1120992421111122
RNF145,1.2034091214444436,0.0030896106598954,0.4790262094888913
S100A8,1.934736335444444,1.9695375608726197e-05,-0.3010918562777771
S100A9,1.3548047872222222,0.0127751007847538,-0.2688341190888881
SDR42E1,-0.5971726432222226,0.0121404710911202,-0.3633067976444435
SERPINA12,-1.8308833826666675,0.0103071327483967,-0.4715769068666651
SERPINA3G,0.9256920692222224,0.0235870736307419,-0.3362723063222219
SERPINE2,-1.9344587875555552,3.573261466701267e-05,-0.0006650543444441
SETD7,0.6387296850000004,0.0038792580710307,-0.1024342551333328
SFTPD,1.076235601777778,0.0352224301571156,0.2074995656555565
SGCE,1.0475124967777774,0.000130527330609,-0.1329141207111099
SH3BGRL3,0.7654780094444433,0.0033563282537134,-0.1053053259444425
SIRPA,0.731045495111112,0.0087683352770707,-0.1003548402444449
SLC13A3,-1.0576851445555553,0.0451515090844882,-0.1185390617777768
SLC17A3,-0.944693775777778,0.0043948615560663,-0.1785013381222207
SLC1A2,-1.3144219489999998,0.0065165070671966,0.0157222998333335
SLC22A3,-0.7232279121111111,0.0019613941309598,0.1560516461444452
SLC22A7,-1.116427211555556,0.0239571202028173,-0.2689594377777764
SLC25A4,0.5737909419999987,0.0165243199090029,-0.0189525510666639
SLC25A47,0.5749570699999982,0.0293318154796386,0.0322853540000007
SLC39A4,1.003913365999999,0.0022042035157909,-0.0627097395333322
SLC6A7,-0.6665233293333332,0.0293318154796386,0.0729212603333331
SLC6A8,0.6642753337777778,0.0149531563505627,0.1831147447555556
SLC7A7,0.6538708812222223,0.0304170037206894,-0.2823389920555543
SLCO1A4,1.101860162666668,0.0192483630334278,0.7009906598333329
SLFN2,0.5732671999999992,0.0473349687144459,-0.0882400081666663
SNCG,0.5221812683333331,0.0267885026275121,-0.0381140735
SNHG11,-0.6015122875555554,0.0019462284283161,0.0679515353222224
SOAT1,0.6666663107777775,0.0049950302157082,-0.0258407287777773
SPARC,0.7356869586666663,0.0019613941309598,-0.0201226962666662
SPARCL1,1.2276753184444449,0.0061385756917863,0.0782121379888884
SPINK1,0.9700190442222216,0.0473717033213545,0.5060284925777787
SPRY4,-0.5559230257777776,0.0040970274531745,0.0086168609777779
ST3GAL5,0.6973281061111107,0.0046492929439595,0.6889738368222229
STEAP2,0.8026069758888887,0.0293511597669165,0.2347614245111113
SUCNR1,-1.4897240776666658,0.0001283337033686,-0.4472023302666672
SULF2,0.9726381572222228,0.0029798249984958,0.1917388289111112
SUSD4,-3.482069720555556,1.3522883447672252e-11,-0.1390297134111109
TADA3,-0.6805205988888883,0.0412271011247847,0.0624310666222216
TAGLN2,0.6232813293333335,0.0061385756917863,-0.0166238652333321
TBC1D10B,0.5912225251111103,0.004126974460898,-0.0039678652777777
TCEAL8,1.0125796707777788,0.0021816814654834,0.0209075730888894
TCEAL9,0.600556366666666,0.0025752588437903,0.0404315489000008
TENM3,-1.893597522,8.891853560644057e-06,0.0986648774333338
TEX12,-1.177282345444444,0.0012613045940137,-0.3490433833555553
TGFBR2,0.5435457704444442,0.0106660057821082,0.0554821200555553
TINAG,1.5480339536666672,0.0235870736307419,0.0685728336666664
TMEM164,0.7388238332222219,0.0107125603394179,0.0006621020777792
TMEM19,-1.0603672492222227,1.9695375608726197e-05,-0.1254097176777771
TMEM86A,1.2374868641111112,0.0043948615560663,0.1197402520888895
TPM1,0.879278778999999,0.0009398821495538,-0.0959489616999986
TRIM24,0.7357674717777769,0.0132838749921346,0.3772174308555565
TRIP13,0.5697873264444437,0.011439564905551,-0.0336260841111104
TRPV4,-0.6214006355555552,0.0352224301571156,0.245817449755556
TSC22D1,-0.799437638333333,0.0057659797420784,-0.1155952915333324
TSPYL4,-0.8219864864444437,0.0166003668777926,-0.3431626774222227
TTC39AOS1,1.059443919777777,0.0138802532488506,0.2402556224888892
TUBA4A,-0.7958463013333326,0.0024150493155431,-0.5279417364333323
TUBA8,1.612723463,6.754041899494482e-07,-0.4664167249999984
UAP1L1,0.9055090877777784,0.0070106772614556,0.1484883662222218
UBD,1.6335984920000004,0.00058458783194,-0.1088809961000008
UFL1,-0.6685459432222229,0.0352224301571156,-0.2381864145777772
VCAM1,0.5689987132222214,0.0104066918854135,0.4201881405444458
VIM,0.9316969881111126,0.0063538685476376,0.0475993794888882
WDR89,-1.1265962582222229,0.0271163347196031,-0.0464595668111105
ZBTB21,-0.761508385111112,0.0024359000373229,-0.045128660922221
ZFP979,-0.682563488555556,0.011439564905551,-0.0413034757444439
