panel,gene,sample,animal_id,group,log2_RMA
D,KDR,GSM3587187,QP-4,CONTROL,6.434198136
D,KDR,GSM3587188,QP-49,CONTROL,6.748244784
D,KDR,GSM3587189,QP-50,CONTROL,6.669169335
D,KDR,GSM3587190,QP-76,DISEASE,7.04482717
D,KDR,GSM3587191,QP-77,DISEASE,7.221125124
D,KDR,GSM3587192,QP-78,DISEASE,7.056002583
D,KDR,GSM3587193,QP-79,DISEASE,6.829428863
D,KDR,GSM3587194,QP-80,DISEASE,6.927990598
D,KDR,GSM3587195,QP-81,DISEASE,6.750233771
D,KDR,GSM3587196,QP-92,DISEASE,6.922994337
D,KDR,GSM3587197,QP-93,DISEASE,6.880240362
D,KDR,GSM3587198,QP-94,DISEASE,6.691136292
D,KDR,GSM3587199,QP-82,NINT,6.835938527
D,KDR,GSM3587200,QP-83,NINT,6.571623358
D,KDR,GSM3587201,QP-84,NINT,6.58067891
D,KDR,GSM3587202,QP-85,NINT,6.555069497
D,KDR,GSM3587203,QP-86,NINT,6.496195072
D,KDR,GSM3587204,QP-87,NINT,6.6798469
D,KDR,GSM3587205,QP-88,NINT,6.524978961
D,KDR,GSM3587206,QP-89,NINT,6.514764286
D,KDR,GSM3587207,QP-90,NINT,6.702656902
D,KDR,GSM3587208,QP-91,NINT,6.991404615
E,FLT1,GSM3587187,QP-4,CONTROL,3.366736328
E,FLT1,GSM3587188,QP-49,CONTROL,3.433575629
E,FLT1,GSM3587189,QP-50,CONTROL,3.591349497
E,FLT1,GSM3587190,QP-76,DISEASE,3.346584161
E,FLT1,GSM3587191,QP-77,DISEASE,3.263837804
E,FLT1,GSM3587192,QP-78,DISEASE,3.662565319
E,FLT1,GSM3587193,QP-79,DISEASE,3.469575261
E,FLT1,GSM3587194,QP-80,DISEASE,3.50135882
E,FLT1,GSM3587195,QP-81,DISEASE,3.518418489
E,FLT1,GSM3587196,QP-92,DISEASE,3.474298902
E,FLT1,GSM3587197,QP-93,DISEASE,3.329658793
E,FLT1,GSM3587198,QP-94,DISEASE,3.043672401
E,FLT1,GSM3587199,QP-82,NINT,3.319351763
E,FLT1,GSM3587200,QP-83,NINT,3.230648612
E,FLT1,GSM3587201,QP-84,NINT,3.207551108
E,FLT1,GSM3587202,QP-85,NINT,2.788025569
E,FLT1,GSM3587203,QP-86,NINT,2.828965828
E,FLT1,GSM3587204,QP-87,NINT,2.947965406
E,FLT1,GSM3587205,QP-88,NINT,3.139121346
E,FLT1,GSM3587206,QP-89,NINT,3.507060748
E,FLT1,GSM3587207,QP-90,NINT,3.013683986
E,FLT1,GSM3587208,QP-91,NINT,3.255490517
F,FGFR1,GSM3587187,QP-4,CONTROL,3.14948842
F,FGFR1,GSM3587188,QP-49,CONTROL,3.051944994
F,FGFR1,GSM3587189,QP-50,CONTROL,3.011461626
F,FGFR1,GSM3587190,QP-76,DISEASE,3.191938072
F,FGFR1,GSM3587191,QP-77,DISEASE,2.981518588
F,FGFR1,GSM3587192,QP-78,DISEASE,3.09410173
F,FGFR1,GSM3587193,QP-79,DISEASE,3.040213641
F,FGFR1,GSM3587194,QP-80,DISEASE,2.685384054
F,FGFR1,GSM3587195,QP-81,DISEASE,3.24276965
F,FGFR1,GSM3587196,QP-92,DISEASE,3.338507067
F,FGFR1,GSM3587197,QP-93,DISEASE,3.241037322
F,FGFR1,GSM3587198,QP-94,DISEASE,3.001298288
F,FGFR1,GSM3587199,QP-82,NINT,2.928804392
F,FGFR1,GSM3587200,QP-83,NINT,3.267647333
F,FGFR1,GSM3587201,QP-84,NINT,3.015972522
F,FGFR1,GSM3587202,QP-85,NINT,3.107533162
F,FGFR1,GSM3587203,QP-86,NINT,3.090760087
F,FGFR1,GSM3587204,QP-87,NINT,3.261105814
F,FGFR1,GSM3587205,QP-88,NINT,2.801099026
F,FGFR1,GSM3587206,QP-89,NINT,3.354358347
F,FGFR1,GSM3587207,QP-90,NINT,3.070931394
F,FGFR1,GSM3587208,QP-91,NINT,3.251262425
