nintedanib_event,nintedanib_nonevent,pirfenidone_event,pirfenidone_nonevent,nintedanib_total,pirfenidone_total,continuity_corrected,ROR,ROR_low95,ROR_high95,PRR,PRR_low95,PRR_high95,IC_median,IC_low95,IC_high95,fisher_exact_p,pearson_yates_chi2,pearson_yates_p,year,endpoint
0,36,0,96,36,96,False,,,,,,,,,,,,,2014,narrow
2,34,2,94,36,96,False,2.764705882352941,0.3745876343912772,20.40536823469404,2.6666666666666665,0.3900907835325784,18.22937483094169,0.857177252444933,-1.120449340231209,1.7350637846003873,0.2993635159443787,0.217529296875,0.6409289530481574,2014,broad
5,921,17,2832,926,2849,False,0.9043878137574248,0.332734949876569,2.458164728341127,0.9049040782619744,0.33477041930038764,2.4460087978095904,-0.0870102453111476,-1.4136681816519638,0.7982377235763014,1.0,0.0,1.0,2015,narrow
52,874,89,2760,926,2849,False,1.8450620934358368,1.2995840877554645,2.6194950836258557,1.797607202659742,1.2872066201245735,2.5103907985972405,0.5892108963035314,0.26240790230940575,0.8717279982115831,0.0009166446410005175,11.383706073283598,0.00074091145221094,2015,broad
7,1249,10,4125,1256,4135,False,2.311849479583667,0.8781632821304783,6.086166576316908,2.3045382165605095,0.8790163295757131,6.041863174659539,0.8256600183664142,-0.15643852607057812,1.4637919805270263,0.08870789068267697,2.129279962818927,0.14450862415693058,2016,narrow
84,1172,117,4018,1256,4135,False,2.4613634374726523,1.845892785543491,3.2820486751853397,2.363628940062061,1.79877334465964,3.105861993610992,0.8428460856806517,0.5999009573756979,1.05844360597365,3.812178264720468e-09,38.88849626645374,4.487171083410189e-10,2016,broad
19,1404,9,2381,1423,2390,False,3.580167774612219,1.6153565310838465,7.934843514559387,3.5457171859139534,1.6085670837901616,7.815720270032334,0.8570253162973296,0.40937830752999,1.1503520749077376,0.0012837101307940125,9.968224480622613,0.0015926500421507342,2017,narrow
99,1324,51,2339,1423,2390,False,3.42931402168118,2.429948620842736,4.839688608403815,3.2603034186267625,2.340642483956204,4.541307976066048,0.8206486855149854,0.6427519272096178,0.9736841905055978,6.737957538181668e-13,53.637097753413016,2.411622797519131e-13,2017,broad
29,1817,9,4224,1846,4233,False,7.4907356448358104,3.538757210000835,15.856165645452837,7.388768508486819,3.504644947724399,15.577583717133713,1.3239058504393757,1.011641678507714,1.5329563527418022,6.258819162928771e-09,36.02521343144034,1.947807677489743e-09,2018,narrow
143,1703,78,4155,1846,4233,False,4.472988843217851,3.375223083956209,5.927794606127123,4.203954496208017,3.207864684494114,5.509345045511077,1.0907086543243065,0.9414508259978408,1.2226852093271934,1.2323244590288558e-26,126.21010904960981,2.7659264296519064e-29,2018,broad
38,1946,13,4233,1984,4246,False,6.358368250454581,3.379488143994264,11.96300891903868,6.255738213399503,3.3400810325100507,11.716560231228177,1.223593675643854,0.9495060125490405,1.4188611425958124,4.2306584480979666e-10,41.16450715832339,1.3994073532960937e-10,2019,narrow
149,1835,69,4177,1984,4246,False,4.915476049441219,3.6757214601954824,6.57337751357941,4.6214206404862095,3.4914431627598845,6.117106233924615,1.1003562680299273,0.9602706068022319,1.22350133111011,3.332791060990359e-29,136.94795642831068,1.2378729183032405e-31,2019,broad
17,2329,20,4961,2346,4981,False,1.8105839416058394,0.9466790971186364,3.462856864146137,1.804710144927536,0.9471408483166219,3.438748009858387,0.5207845761527031,-0.05794966149954431,0.9484456766058593,0.07763971901716438,2.7020635875112724,0.10021845487362886,2020,narrow
200,2146,83,4898,2346,4981,False,5.499724901469812,4.236773303056199,7.139153272616324,5.116116640474943,3.979798709728678,6.57687772373017,1.1410088942991266,1.024401246850251,1.2450514826794505,4.510739090892304e-42,200.20921574647664,1.88008054619628e-45,2020,broad
30,2873,9,4840,2903,4849,False,5.615500638125073,2.662291543787899,11.844625916482782,5.567803421747618,2.6472129470103525,11.710593580405021,1.0345869708071191,0.7322507020764535,1.2342961572015014,8.217072257622155e-07,24.408571901540018,7.792121262107004e-07,2021,narrow
187,2716,85,4764,2903,4849,False,3.8589101620029456,2.973365626691487,5.008192569636742,3.6747502583534275,2.855506077326016,4.729035447864971,0.875630228534662,0.7529650258679138,0.9837011115412228,2.0592087704541682e-26,116.52697713260318,3.643888011604679e-27,2021,broad
123,3534,0,4658,3657,4658,True,325.54802659499234,20.240831806838617,5236.025803252152,314.59075997813017,19.572904143534302,5056.344502474367,1.1795833357607224,1.139847454144596,1.2162906596395497,4.111326934015511e-45,156.72058454823977,5.891233548108702e-36,2022,narrow
312,3345,57,4601,3657,4658,False,7.5289749036267795,5.657259072978509,10.019951776682085,6.971949973374782,5.27462356819262,9.215460743845359,0.9422228222964734,0.8710418715929956,1.006063781704412,5.476537782454246e-61,256.2648821578217,1.1186775279588774e-57,2022,broad
20,3688,13,3471,3708,3484,False,1.447939262472885,0.7191609200427358,2.9152419846255513,1.4455231930960089,0.7201682667053042,2.9014570599422544,0.2300865935315286,-0.23808577136387965,0.556043665204878,0.3831123985552354,0.7533564892496227,0.38541562267946783,2023,narrow
154,3554,40,3444,3708,3484,False,3.7308384918401796,2.626521432755919,5.299464028203803,3.6174217907227617,2.5625937799218024,5.1064435239498565,0.6211584526613682,0.5069865361680117,0.7162867274181183,6.40445800585291e-16,60.66243876127948,6.775061411001707e-15,2023,broad
13,4179,4,1842,4192,1846,False,1.4325197415649678,0.4664624494254178,4.399309767594641,1.4311784351145038,0.46727536631590033,4.38343610810434,0.12812406374295388,-0.37667557096386173,0.39674419136180605,0.6096251205201524,0.13517397101401712,0.7131266731655399,2024,narrow
153,4039,23,1823,4192,1846,False,3.002454331140941,1.930199835361813,4.670362024405208,2.929368569532028,1.8962683045453843,4.525309100823366,0.32323756104088625,0.23001510404105172,0.3965866561782158,6.862437290798146e-08,25.327835369018366,4.836782858738075e-07,2024,broad
32,3747,6,1164,3779,1170,False,1.6567921003469441,0.6910417832232946,3.9722056327309905,1.6512304842550938,0.6921369487472999,3.939339052868254,0.1358279093732449,-0.11785059308570894,0.28740994970868644,0.3376856071619485,0.9061726294707662,0.34113197636988807,2025,narrow
159,3620,18,1152,3779,1170,False,2.8110497237569056,1.7188306440781433,4.597311885646442,2.734850489547499,1.6872208821257286,4.432974531914811,0.2331025112511641,0.15102614175657442,0.2962394747422998,5.151396427492185e-06,17.688738397841693,2.601623141598538e-05,2025,broad
7,2170,2,528,2177,530,False,0.8516129032258064,0.1764011104310439,4.111337707390389,0.8520900321543409,0.17751699297621037,4.090072790913527,-0.06842600613096697,-0.8156597918625166,0.2426973424568917,0.6915526973963658,0.0,1.0,2026,narrow
79,2098,5,525,2177,530,False,3.9537654909437565,1.5932405712387525,9.811614039694936,3.8465778594395963,1.5656982434018076,9.450199801325155,0.22275900085831055,0.12236378251674619,0.2857257713553654,0.0006580350601269117,9.34939813303463,0.00223058709395539,2026,broad
