endpoint,preferred_term,prespecified
narrow,DRUG-INDUCED LIVER INJURY,True
narrow,HEPATOTOXICITY,True
narrow,HEPATITIS TOXIC,True
narrow,HEPATOCELLULAR INJURY,True
narrow,CHOLESTATIC LIVER INJURY,True
narrow,MIXED LIVER INJURY,True
narrow,HEPATIC FAILURE,True
narrow,ACUTE HEPATIC FAILURE,True
narrow,HEPATIC NECROSIS,True
narrow,FULMINANT HEPATITIS,True
broad,DRUG-INDUCED LIVER INJURY,True
broad,HEPATOTOXICITY,True
broad,HEPATITIS TOXIC,True
broad,HEPATOCELLULAR INJURY,True
broad,CHOLESTATIC LIVER INJURY,True
broad,MIXED LIVER INJURY,True
broad,HEPATIC FAILURE,True
broad,ACUTE HEPATIC FAILURE,True
broad,HEPATIC NECROSIS,True
broad,FULMINANT HEPATITIS,True
broad,ALANINE AMINOTRANSFERASE INCREASED,True
broad,ASPARTATE AMINOTRANSFERASE INCREASED,True
broad,TRANSAMINASES INCREASED,True
broad,HEPATIC ENZYME INCREASED,True
broad,LIVER FUNCTION TEST ABNORMAL,True
broad,LIVER FUNCTION TEST INCREASED,True
broad,BLOOD BILIRUBIN INCREASED,True
broad,HYPERBILIRUBINAEMIA,True
broad,JAUNDICE,True
broad,CHOLESTASIS,True
broad,HEPATITIS,True
broad,HEPATITIS ACUTE,True
broad,HEPATIC FUNCTION ABNORMAL,True
broad,LIVER DISORDER,True
broad,GAMMA-GLUTAMYLTRANSFERASE INCREASED,True
broad,BLOOD ALKALINE PHOSPHATASE INCREASED,True
