endpoint,drug,outcome,events,endpoint_reports,percent
narrow,nintedanib,serious,334,340,98.23529411764706
narrow,nintedanib,death,48,340,14.117647058823529
narrow,nintedanib,hospitalization,114,340,33.529411764705884
narrow,nintedanib,life_threatening,19,340,5.588235294117647
narrow,nintedanib,disabling,5,340,1.4705882352941178
narrow,nintedanib,congenital_anomaly,0,340,0.0
narrow,nintedanib,other_serious,270,340,79.41176470588235
narrow,nintedanib,fatal_hepatic_reaction,20,340,5.882352941176471
narrow,pirfenidone,serious,111,112,99.10714285714286
narrow,pirfenidone,death,34,112,30.357142857142858
narrow,pirfenidone,hospitalization,43,112,38.392857142857146
narrow,pirfenidone,life_threatening,13,112,11.607142857142858
narrow,pirfenidone,disabling,0,112,0.0
narrow,pirfenidone,congenital_anomaly,0,112,0.0
narrow,pirfenidone,other_serious,67,112,59.82142857142857
narrow,pirfenidone,fatal_hepatic_reaction,23,112,20.535714285714285
broad,nintedanib,serious,1469,1773,82.85391990975748
broad,nintedanib,death,228,1773,12.859560067681896
broad,nintedanib,hospitalization,749,1773,42.24478285391991
broad,nintedanib,life_threatening,59,1773,3.3276931754089114
broad,nintedanib,disabling,40,1773,2.2560631697687534
broad,nintedanib,congenital_anomaly,1,1773,0.05640157924421884
broad,nintedanib,other_serious,969,1773,54.653130287648054
broad,nintedanib,fatal_hepatic_reaction,41,1773,2.3124647490129724
broad,pirfenidone,serious,498,717,69.4560669456067
broad,pirfenidone,death,63,717,8.786610878661088
broad,pirfenidone,hospitalization,209,717,29.149232914923292
broad,pirfenidone,life_threatening,30,717,4.184100418410042
broad,pirfenidone,disabling,7,717,0.9762900976290098
broad,pirfenidone,congenital_anomaly,0,717,0.0
broad,pirfenidone,other_serious,326,717,45.467224546722456
broad,pirfenidone,fatal_hepatic_reaction,24,717,3.3472803347280333
