nintedanib_event,nintedanib_nonevent,pirfenidone_event,pirfenidone_nonevent,nintedanib_total,pirfenidone_total,continuity_corrected,ROR,ROR_low95,ROR_high95,PRR,PRR_low95,PRR_high95,IC_median,IC_low95,IC_high95,fisher_exact_p,pearson_yates_chi2,pearson_yates_p,endpoint,temporal_window,first_year,last_year,prespecification
340,29893,112,39355,30233,39467,False,3.9966057509880484,3.2264349947394404,4.950621213467427,3.9629059542316583,3.2026060218358814,4.903701390370244,0.7937161242611681,0.7124515464967504,0.8655239261614368,3.308625687143111e-43,186.54499097350097,1.8051798300714003e-42,narrow,all_years_primary,2014,2026,primary
217,26359,112,34697,26576,34809,False,2.5503789028415342,2.0291929710179253,3.20542828649574,2.5377196530704396,2.021385869293263,3.1859434338638053,0.6069407169501915,0.4881759767580515,0.7119975082359744,1.2228465565835606e-16,68.27823694854418,1.4197932575029605e-16,narrow,exclude_2022_posthoc,2014,2026,post_hoc_influence_analysis
145,12575,87,27692,12720,27779,False,3.6702451954937043,2.8112332306761894,4.791740382139868,3.6398060796645697,2.7925609156357023,4.744100020660545,0.9926008539498501,0.8384988313833976,1.1255260530674571,1.980329252529495e-22,103.25673533112196,2.944130046456749e-24,narrow,pre_2022,2014,2021,post_hoc_influence_analysis
123,3534,0,4658,3657,4658,True,325.54802659499234,20.240831806838617,5236.025803252152,314.59075997813017,19.572904143534302,5056.344502474367,1.1795833357607224,1.139847454144596,1.2162906596395497,4.111326934015511e-45,156.72058454823977,5.891233548108702e-36,narrow,year_2022_only,2022,2022,post_hoc_influence_analysis
72,13784,25,7005,13856,7030,False,1.4636099825885085,0.9277471431473984,2.3089849394366646,1.4612009237875287,0.9279018849377264,2.301006361055964,0.1600993869942835,-0.030695911717538264,0.30809094642770773,0.10669874254932382,2.370692642755627,0.12363218598072025,narrow,post_2022,2023,2026,post_hoc_influence_analysis
1773,28460,717,38750,30233,39467,False,3.3668703340517556,3.0829903271105863,3.6768898515947788,3.228066341650282,2.9637106946572898,3.5160018570234994,0.7150364995719496,0.6782418545526208,0.7500929776993989,1.2372807000003e-179,813.0443635933117,7.87064072492309e-179,broad,all_years_primary,2014,2026,primary
1461,25115,660,34149,26576,34809,False,3.0098932184677754,2.7416167322185685,3.304421467856748,2.8994005185813587,2.648456645759151,3.1741215702400942,0.6698421260961476,0.6280733379823403,0.7098633757408858,3.694967485735613e-129,584.8562155334954,3.2942953372743356e-129,broad,exclude_2022_posthoc,2014,2026,post_hoc_influence_analysis
916,11804,574,27205,12720,27779,False,3.677927047702486,3.3061942849642354,4.091455674501552,3.4850826156509545,3.1464812883916586,3.860121743841957,0.9688077631006735,0.9096794715716908,1.0253654786570698,9.001660393714137e-131,647.7378201717532,6.935727360383408e-143,broad,pre_2022,2014,2021,post_hoc_influence_analysis
312,3345,57,4601,3657,4658,False,7.5289749036267795,5.657259072978509,10.019951776682085,6.971949973374782,5.27462356819262,9.215460743845359,0.9422228222964734,0.8710418715929956,1.006063781704412,5.476537782454246e-61,256.2648821578217,1.1186775279588774e-57,broad,year_2022_only,2022,2022,post_hoc_influence_analysis
545,13311,86,6944,13856,7030,False,3.3059560810869835,2.6286361972559424,4.157800771930802,3.215255585692035,2.565896549353225,4.028949835849638,0.38019798467774646,0.33226826927376935,0.4225423892463399,4.398466937564147e-31,115.97857727379474,4.804586091016211e-27,broad,post_2022,2023,2026,post_hoc_influence_analysis
