ko_label,compartment,seed,ko_class,min,median,max,numerically_nonzero
ABL1,Endothelial,20260904,drug_target,7.135330287631784e-17,1.2118847789289124e-16,1.837357010792832e-15,False
ABL1,Endothelial,20260911,drug_target,7.520858150117773e-17,1.2122849030082395e-16,1.874409157799192e-15,False
ABL1,Endothelial,20260918,drug_target,9.410809210371904e-17,1.4552959051573667e-16,2.401732483478729e-15,False
ABL1,Hepatocyte,20260904,drug_target,1.7725190180289624e-16,2.3578398379699257e-16,2.137062450661993e-15,False
ABL1,Hepatocyte,20260911,drug_target,1.3015252415402263e-16,1.834256996899953e-16,1.5500697066434268e-15,False
ABL1,Hepatocyte,20260918,drug_target,1.0003597761586374e-16,1.8833337708808576e-16,1.1181030072877004e-15,False
ABL1,Macrophage,20260904,drug_target,1.3541204771658562e-16,4.16302609653964e-10,1.2077546866282969e-05,True
ABL1,Macrophage,20260911,drug_target,2.0035970218500246e-16,4.841898853427093e-09,0.000212863881392,True
ABL1,Macrophage,20260918,drug_target,1.1063166574214051e-16,1.5370081613694353e-16,1.9348451191672804e-15,False
ACO1,Endothelial,20260904,dili_anchor,1.0252327018963447e-16,1.5885286685681366e-16,1.8842818909066666e-15,False
ACO1,Endothelial,20260911,dili_anchor,8.556843837074102e-17,1.2565844032005057e-16,2.3298146185995106e-15,False
ACO1,Endothelial,20260918,dili_anchor,1.2475456954519516e-16,1.6647178533573592e-16,2.056214788520877e-15,False
ACO1,Hepatocyte,20260904,dili_anchor,1.6397990309967515e-16,7.052308175654658e-09,0.0002561998842992,True
ACO1,Hepatocyte,20260911,dili_anchor,1.295925604203678e-16,1.7682108694734755e-16,1.843904952866678e-15,False
ACO1,Hepatocyte,20260918,dili_anchor,8.165845181414992e-17,1.658136487188723e-16,1.2296903533949284e-15,False
ACO1,Macrophage,20260904,dili_anchor,5.954905027248546e-17,5.362369056429622e-09,0.0002502920644161,True
ACO1,Macrophage,20260911,dili_anchor,1.3167135455036063e-16,1.8567148624319447e-16,2.1008291826385642e-15,False
ACO1,Macrophage,20260918,dili_anchor,1.4426147190913414e-16,1.003352478781821e-09,3.564584518872829e-05,True
ALDOB,Endothelial,20260904,dili_anchor,6.223672259173776e-17,1.095902765809412e-16,1.953630462139685e-15,False
ALDOB,Endothelial,20260911,dili_anchor,1.0119704271863063e-16,4.488114762351702e-09,0.0001802193231189,True
ALDOB,Endothelial,20260918,dili_anchor,1.151263371012281e-16,1.7404741071223627e-16,1.996277415695922e-15,False
ALDOB,Hepatocyte,20260904,dili_anchor,2.0069124243314504e-16,2.921889146737723e-07,0.0005412491581687,True
ALDOB,Hepatocyte,20260911,dili_anchor,1.4332002844242183e-16,1.8031303625411264e-07,0.0005316097023523,True
ALDOB,Hepatocyte,20260918,dili_anchor,7.174684319666749e-17,1.916844832848157e-09,9.43026579306305e-05,True
ALDOB,Macrophage,20260904,dili_anchor,1.0259935710018771e-16,6.071852175648106e-09,0.0002901380619147,True
ALDOB,Macrophage,20260911,dili_anchor,1.4814231975261162e-16,1.9536873221386951e-16,1.8326931229010565e-15,False
ALDOB,Macrophage,20260918,dili_anchor,1.6028741453040235e-16,7.927262986341435e-08,0.0003420783720489,True
ASS1,Endothelial,20260904,dili_anchor,8.956484902466597e-17,1.3420437078827852e-16,1.7375267467199326e-15,False
ASS1,Endothelial,20260911,dili_anchor,1.0542007281501321e-16,1.6107661448044646e-16,2.1873757033322858e-15,False
ASS1,Endothelial,20260918,dili_anchor,8.989919107124915e-17,1.5634556222550463e-16,1.887122473427323e-15,False
ASS1,Hepatocyte,20260904,dili_anchor,1.6252090435670707e-16,2.1838933405522767e-16,2.773262203477704e-15,False
ASS1,Hepatocyte,20260911,dili_anchor,1.4519677355107503e-16,1.972559927172572e-07,0.0005611671106807,True
ASS1,Hepatocyte,20260918,dili_anchor,1.0891300945392734e-16,2.058973247103674e-09,6.29864226593443e-05,True
ASS1,Macrophage,20260904,dili_anchor,9.175868341819503e-17,1.5246737043653815e-08,0.0003482455661461,True
ASS1,Macrophage,20260911,dili_anchor,2.0117163409629128e-16,9.297414081944443e-10,4.776570046326845e-05,True
ASS1,Macrophage,20260918,dili_anchor,1.2761859442883455e-16,1.7117654918909715e-08,0.0002906244937782,True
AXL,Macrophage,20260904,drug_target,9.750463861608707e-17,1.7398344948844858e-07,0.0017946416490372,True
AXL,Macrophage,20260911,drug_target,1.4542992997294803e-16,5.9393730517822524e-08,0.0012982841610235,True
AXL,Macrophage,20260918,drug_target,1.694791338162474e-16,1.0889324707813973e-07,0.001361977229058,True
CDK4,Endothelial,20260904,drug_target,7.38800825079345e-17,1.203029369962321e-16,1.6873079734415958e-15,False
CDK4,Endothelial,20260911,drug_target,7.071879374044807e-17,1.0251749039266007e-16,1.992292193680084e-15,False
CDK4,Endothelial,20260918,drug_target,1.276360687109579e-16,3.212255477811721e-09,0.0001375214803369,True
CDK4,Hepatocyte,20260904,drug_target,1.50075696149666e-16,1.9465501159641146e-16,2.303641813033165e-15,False
CDK4,Hepatocyte,20260911,drug_target,1.7642495583078266e-16,2.424300542517068e-16,2.285582095718491e-15,False
CDK4,Hepatocyte,20260918,drug_target,5.628446431225388e-17,1.8786185225009128e-16,2.8410975691468848e-15,False
CDK4,Macrophage,20260904,drug_target,1.2508440590228614e-16,1.103339931835998e-09,3.5726471221625945e-05,True
CDK4,Macrophage,20260911,drug_target,1.5680923823612074e-16,1.9535992244552622e-16,1.6444124373460544e-15,False
CDK4,Macrophage,20260918,drug_target,1.0521153390769467e-16,5.391383952777041e-09,0.0002005430773367,True
CES1,Endothelial,20260904,dili_anchor,1.2336202267324959e-16,1.6291255179378211e-16,1.9848442000224574e-15,False
CES1,Endothelial,20260911,dili_anchor,8.73837093974034e-17,3.2171830031340512e-09,0.0001878107788562,True
CES1,Endothelial,20260918,dili_anchor,1.331955355978429e-16,8.814196266903557e-10,2.232877820980749e-05,True
CES1,Hepatocyte,20260904,dili_anchor,1.6272896688790515e-16,4.880509374536309e-07,0.0005668313516008,True
CES1,Hepatocyte,20260911,dili_anchor,1.859174320536013e-16,5.89681383413803e-07,0.0012562305182996,True
CES1,Hepatocyte,20260918,dili_anchor,6.997712850162629e-17,7.436465686042568e-07,0.0008319821074051,True
CES1,Macrophage,20260904,dili_anchor,1.3956568788708535e-16,1.9139355033438307e-16,1.4387136509090697e-15,False
CES1,Macrophage,20260911,dili_anchor,1.2432256678945346e-16,1.631761426054795e-16,1.820364921964982e-15,False
CES1,Macrophage,20260918,dili_anchor,1.2699404225204051e-16,1.935553233269634e-09,7.4979483741902e-05,True
CPS1,Endothelial,20260904,dili_anchor,1.3379129764499275e-16,1.7187110092651602e-16,2.081820134629951e-15,False
CPS1,Endothelial,20260911,dili_anchor,1.097370344465638e-16,3.5014106352862432e-09,0.0001928302372205,True
CPS1,Endothelial,20260918,dili_anchor,1.4440521206475843e-16,1.7665754101440408e-07,0.0008958873794389,True
CPS1,Hepatocyte,20260904,dili_anchor,2.0743720297253642e-16,9.305697189938886e-07,0.0017129571621048,True
CPS1,Hepatocyte,20260911,dili_anchor,1.7616951048432463e-16,9.149718931367045e-07,0.0013406439202034,True
CPS1,Hepatocyte,20260918,dili_anchor,1.338955304845251e-16,6.670959082168073e-07,0.001162322373071,True
CPS1,Macrophage,20260904,dili_anchor,1.191023750017338e-16,1.5904027330662742e-07,0.0007496109071096,True
CPS1,Macrophage,20260911,dili_anchor,1.444363632006631e-16,1.9437072464606832e-16,2.022187078772133e-15,False
CPS1,Macrophage,20260918,dili_anchor,1.3297155722109343e-16,1.901293932041089e-16,1.488376634005494e-15,False
DMGDH,Hepatocyte,20260904,dili_anchor,1.3411946797842895e-16,1.895704662320621e-16,2.6125871249763202e-15,False
DMGDH,Hepatocyte,20260911,dili_anchor,1.9688313855188878e-16,5.112141457059857e-10,4.322733908052254e-05,True
DMGDH,Hepatocyte,20260918,dili_anchor,9.609557032450447e-17,1.5993510552546364e-06,0.0019806877001437,True
FAH,Hepatocyte,20260904,dili_anchor,1.4345113319657667e-16,2.0641798319626368e-16,2.5171678794384906e-15,False
FAH,Hepatocyte,20260911,dili_anchor,1.1246730728118154e-16,1.6738207693521512e-16,1.996937529310731e-15,False
FAH,Hepatocyte,20260918,dili_anchor,8.721023294072839e-17,1.8686642729561087e-16,1.3489742237938768e-15,False
FAH,Macrophage,20260904,dili_anchor,1.103244245203201e-16,1.7051416912151976e-16,1.5800321808434045e-15,False
FAH,Macrophage,20260911,dili_anchor,1.8613360388911007e-16,2.270429652991186e-16,1.6524169804185269e-15,False
FAH,Macrophage,20260918,dili_anchor,1.2463949695842454e-16,1.7240895736323244e-16,1.7877246274333016e-15,False
FBP1,Endothelial,20260904,dili_anchor,5.975334130707182e-17,1.0924142611303144e-16,2.090942062445746e-15,False
FBP1,Endothelial,20260911,dili_anchor,1.0292150820237811e-16,1.6537388312267676e-16,1.6863176142881264e-15,False
FBP1,Endothelial,20260918,dili_anchor,8.807302684889206e-17,1.441950167379655e-16,2.1218489242854247e-15,False
FBP1,Hepatocyte,20260904,dili_anchor,1.3876618327132515e-16,1.573179525296078e-07,0.000449023336705,True
FBP1,Hepatocyte,20260911,dili_anchor,1.3529358551641398e-16,1.9741484881609047e-16,1.8390078377152268e-15,False
FBP1,Hepatocyte,20260918,dili_anchor,7.078307699700905e-17,1.7270271519204484e-09,6.2390633518006e-05,True
FBP1,Macrophage,20260904,dili_anchor,8.385292779021839e-17,1.2305245383093954e-16,1.5916985888430916e-15,False
FBP1,Macrophage,20260911,dili_anchor,2.0896115321838268e-16,1.96396788943246e-10,1.0421503674650172e-05,True
FBP1,Macrophage,20260918,dili_anchor,1.1760790612388067e-16,1.611365282611761e-16,1.7765913759428202e-15,False
FGFR1,Endothelial,20260904,drug_target,8.329325258391836e-17,1.4808613523148536e-10,6.018033267606633e-06,True
FGFR1,Endothelial,20260911,drug_target,5.811079623732791e-17,1.1010864285862353e-16,2.0590322504584002e-15,False
FGFR1,Endothelial,20260918,drug_target,1.3398212317424035e-16,1.918461048817136e-16,1.6468370758374254e-15,False
FGFR1,Macrophage,20260904,drug_target,8.985680587786037e-17,1.272434409243021e-16,1.4681801793916509e-15,False
FGFR2,Hepatocyte,20260904,drug_target,1.4493217694561372e-16,2.0520554834625275e-16,2.043940477565548e-15,False
FGFR2,Hepatocyte,20260911,drug_target,9.625321935339551e-17,1.5241414449999714e-16,2.106463540896925e-15,False
FGFR2,Hepatocyte,20260918,drug_target,4.8038939309250594e-17,1.455920056870483e-16,1.085644576065182e-15,False
FGFR3,Endothelial,20260904,drug_target,8.990155591802645e-17,1.417543653685327e-16,1.8742156368521148e-15,False
FGFR3,Endothelial,20260911,drug_target,1.0737161535725102e-16,1.5235167641550987e-16,2.003777397083843e-15,False
FGFR3,Endothelial,20260918,drug_target,8.476690050096267e-17,1.3890470566047428e-16,1.893580362243546e-15,False
FGFR3,Hepatocyte,20260904,drug_target,1.3319223529837332e-16,1.9310212671628038e-16,2.1011860032956373e-15,False
FGFR3,Hepatocyte,20260911,drug_target,1.2792906842444446e-16,2.0445216184666895e-16,1.7911557396608226e-15,False
FGFR3,Hepatocyte,20260918,drug_target,1.0420246356140507e-16,1.073716149613508e-09,4.585220836619416e-05,True
FGFR4,Hepatocyte,20260904,drug_target,1.1597761652567748e-16,1.7555192011284329e-16,2.5079947259688035e-15,False
FGFR4,Hepatocyte,20260911,drug_target,1.6963774768284203e-16,2.289911351641966e-16,1.999787133325975e-15,False
FGFR4,Hepatocyte,20260918,drug_target,1.0362609244851723e-16,2.024075917841717e-16,1.9385008606734984e-15,False
FLT1,Endothelial,20260904,drug_target,1.2113661259748795e-16,1.589529180965756e-07,0.0006351993946326,True
FLT1,Endothelial,20260911,drug_target,8.610509597632818e-17,7.825240257286082e-09,0.0003667368497166,True
FLT1,Endothelial,20260918,drug_target,9.690976422487356e-17,5.814368935808467e-09,0.0002441978587002,True
FLT1,Hepatocyte,20260904,drug_target,1.719884409195648e-16,2.1874733750205655e-16,2.0958080740415174e-15,False
FLT1,Hepatocyte,20260911,drug_target,1.0364833890289879e-16,1.606353907100062e-16,2.0498827231753624e-15,False
FLT1,Hepatocyte,20260918,drug_target,6.421512668672129e-17,1.4678006624593486e-16,1.538470317316165e-15,False
FLT1,Macrophage,20260904,drug_target,1.1850891424069014e-16,1.5767749771532366e-16,1.9457170455401214e-15,False
FLT1,Macrophage,20260911,drug_target,2.1414632570934078e-16,2.716128126488806e-16,2.2262628933766306e-15,False
FLT1,Macrophage,20260918,drug_target,1.1724884571784683e-16,1.6421013499260787e-16,2.0945527092814203e-15,False
FLT3,Macrophage,20260904,drug_target,1.2233329131581295e-16,4.163025838157711e-10,1.207754686630823e-05,True
FLT3,Macrophage,20260911,drug_target,1.5013617610005002e-16,1.453073179000847e-09,8.406657769001002e-05,True
FLT3,Macrophage,20260918,drug_target,1.8890891616725191e-16,1.4138648623917932e-09,5.763780248261789e-05,True
FLT4,Endothelial,20260904,drug_target,1.011291653899252e-16,9.498852905751088e-09,0.0001681778568571,True
FLT4,Endothelial,20260911,drug_target,1.292901668550684e-16,1.6700411323242254e-16,2.0579938816933813e-15,False
FLT4,Endothelial,20260918,drug_target,1.1857425028780581e-16,1.9072081597675024e-16,1.945062625703769e-15,False
FLT4,Macrophage,20260911,drug_target,1.275512134866164e-16,1.6556706871164278e-16,1.8360875409305883e-15,False
FLT4,Macrophage,20260918,drug_target,2.067913628742965e-16,2.478691705692066e-16,2.0983092144723385e-15,False
GSTA1,Endothelial,20260904,dili_anchor,7.45221546393274e-17,1.2130295867962678e-16,1.7092841965790805e-15,False
GSTA1,Endothelial,20260911,dili_anchor,1.02802830526604e-16,1.3916568213646044e-16,1.949855238362141e-15,False
GSTA1,Endothelial,20260918,dili_anchor,1.3751582017951403e-16,1.858350196919908e-16,2.0961435424653985e-15,False
GSTA1,Hepatocyte,20260904,dili_anchor,1.2493788274899184e-16,7.521847157069232e-07,0.0013554172820903,True
GSTA1,Hepatocyte,20260911,dili_anchor,1.5534425528962922e-16,2.5420178942459386e-07,0.000576143887754,True
GSTA1,Hepatocyte,20260918,dili_anchor,4.5584428841456136e-17,3.536063996325327e-07,0.0004235378001768,True
GSTA1,Macrophage,20260904,dili_anchor,1.4241251481052554e-16,1.8110919581697065e-16,1.3208895086844277e-15,False
GSTA1,Macrophage,20260911,dili_anchor,1.5861133731807835e-16,2.0871319864606463e-16,1.993693371475796e-15,False
GSTA1,Macrophage,20260918,dili_anchor,1.3656609607041703e-16,1.749979395833575e-16,1.6101806187255535e-15,False
HPD,Endothelial,20260904,dili_anchor,6.225653129341557e-17,1.0925682770028666e-16,1.803091151539073e-15,False
HPD,Endothelial,20260911,dili_anchor,8.706611222803394e-17,1.2798919867708793e-16,1.7026879381540468e-15,False
HPD,Endothelial,20260918,dili_anchor,7.859347149316516e-17,1.3549392365038986e-16,2.011042969971697e-15,False
HPD,Hepatocyte,20260904,dili_anchor,1.64760292607303e-16,1.4813023618027053e-07,0.0002232828749647,True
HPD,Hepatocyte,20260911,dili_anchor,1.5183968404421815e-16,1.0819989450290203e-09,9.756069296219444e-05,True
HPD,Hepatocyte,20260918,dili_anchor,8.644535338032541e-17,1.8846872771278842e-16,1.2623671913652849e-15,False
HPD,Macrophage,20260904,dili_anchor,1.0785758791926336e-16,1.4622093581958676e-16,1.3538888723145844e-15,False
HPD,Macrophage,20260911,dili_anchor,1.6914658101369055e-16,1.2052872231413107e-09,4.595572840160233e-05,True
HPD,Macrophage,20260918,dili_anchor,1.0690226865127167e-16,1.5113845313678922e-07,0.0004426437973665,True
JAK1,Endothelial,20260904,drug_target,1.2105711725357128e-16,1.254389318679477e-09,6.924819486795913e-05,True
JAK1,Endothelial,20260911,drug_target,8.764782695445518e-17,1.267053075415513e-16,1.8139068286551733e-15,False
JAK1,Endothelial,20260918,drug_target,1.1396785618832932e-16,4.031275064557472e-11,1.719266530963712e-06,True
JAK1,Hepatocyte,20260904,drug_target,1.4547201591501683e-16,1.9888141347502277e-16,2.118824391857552e-15,False
JAK1,Hepatocyte,20260911,drug_target,1.6966984602939271e-16,2.1743166677987201e-16,1.7959859777424384e-15,False
JAK1,Hepatocyte,20260918,drug_target,4.968674360109048e-17,1.4846988163414752e-16,1.2053313464144378e-15,False
JAK1,Macrophage,20260904,drug_target,9.662203201276067e-17,9.447303452484148e-09,0.0002233631153522,True
JAK1,Macrophage,20260911,drug_target,1.645147138383769e-16,2.356563209705365e-16,1.955647189339513e-15,False
JAK1,Macrophage,20260918,drug_target,1.3312292331662651e-16,1.8384244394652142e-16,1.7308408449159577e-15,False
KDR,Endothelial,20260904,drug_target,9.280618741251822e-17,2.003067784610702e-07,0.0014094422403237,True
KDR,Endothelial,20260911,drug_target,1.1221674002735013e-16,1.4575937659727484e-08,0.0005740798917687,True
KDR,Endothelial,20260918,drug_target,1.4648827484355883e-16,3.926941242836624e-07,0.0014053403543838,True
KDR,Hepatocyte,20260904,drug_target,1.620430373538295e-16,2.1677992642182937e-16,2.170808964728308e-15,False
KDR,Hepatocyte,20260911,drug_target,1.8322211564932542e-16,2.3359672341669304e-16,1.7537349355252746e-15,False
KDR,Hepatocyte,20260918,drug_target,7.88836681718196e-17,1.749393678313417e-16,1.603185719605966e-15,False
KDR,Macrophage,20260904,drug_target,9.657684162448003e-17,1.5022965570810057e-16,1.4229148958809709e-15,False
KDR,Macrophage,20260911,drug_target,1.6274070601467444e-16,2.008835479858186e-16,1.7470209542352798e-15,False
KDR,Macrophage,20260918,drug_target,1.772418879882697e-16,2.324002161756725e-16,2.3682850259240963e-15,False
KDR+FLT1+FGFR1,Macrophage,20260904,canonical_poly_target,1.0173656017386308e-16,1.3530590896534228e-16,1.4532392583907942e-15,False
KDR+FLT1+FGFR2+FGFR3,Hepatocyte,20260904,canonical_poly_target,2.1864839388633127e-16,2.660498777765396e-16,2.5757332116907e-15,False
KDR+FLT1+FGFR2+FGFR3,Hepatocyte,20260911,canonical_poly_target,1.5156700430417362e-16,2.227353248884569e-16,1.931239026667892e-15,False
KDR+FLT1+FGFR2+FGFR3,Hepatocyte,20260918,canonical_poly_target,1.0540174489757772e-16,1.0737162300792295e-09,4.585220836631593e-05,True
KDR+FLT1+FLT4,Macrophage,20260911,canonical_poly_target,1.3339478961774774e-16,1.8083756908135308e-16,1.7696260841275197e-15,False
KDR+FLT1+FLT4,Macrophage,20260918,canonical_poly_target,7.0241240799443e-17,1.322696913045823e-16,2.2889516885390962e-15,False
KDR+FLT1+FLT4+FGFR1+FGFR3+PDGFRA,Endothelial,20260904,canonical_poly_target,6.393328273843784e-17,3.0300276830341576e-07,0.0014066487915792,True
KDR+FLT1+FLT4+FGFR1+FGFR3+PDGFRA,Endothelial,20260911,canonical_poly_target,8.471746117259427e-17,2.3430752312050955e-08,0.0005742400617414,True
KDR+FLT1+FLT4+FGFR1+FGFR3+PDGFRA,Endothelial,20260918,canonical_poly_target,1.2980643913735884e-16,3.9152634434038457e-07,0.0014060496258893,True
LECT2,Hepatocyte,20260904,dili_anchor,1.53348210610679e-16,2.735091607841992e-09,7.298326494805796e-05,True
LECT2,Hepatocyte,20260911,dili_anchor,1.6870844088718906e-16,2.2426316605176423e-16,1.9846960683596904e-15,False
LECT2,Hepatocyte,20260918,dili_anchor,1.472100828589002e-16,3.1497229294072752e-09,0.0001189055211094,True
LRRK2,Endothelial,20260904,drug_target,7.903023520553425e-17,1.195745423140443e-16,1.6989677612631113e-15,False
LRRK2,Endothelial,20260911,drug_target,6.625149538795254e-17,1.0234030020279452e-16,1.7843548888999613e-15,False
LRRK2,Endothelial,20260918,drug_target,1.2986788641059222e-16,1.6978849690091435e-16,1.841476635386898e-15,False
LRRK2,Macrophage,20260904,drug_target,1.388997172340901e-16,7.990448787332222e-08,0.0003953277862863,True
LRRK2,Macrophage,20260911,drug_target,1.3601654883340542e-16,1.6778335477635115e-09,0.0001063539671631,True
LRRK2,Macrophage,20260918,drug_target,1.5667025500670255e-16,2.1090843813791966e-16,2.0069633585976644e-15,False
LYN,Endothelial,20260904,drug_target,6.817191373609712e-17,4.882987549696477e-10,1.8398069098472125e-05,True
LYN,Endothelial,20260911,drug_target,6.969890981925465e-17,1.04311966411507e-16,1.856438931283877e-15,False
LYN,Endothelial,20260918,drug_target,1.1372674386656043e-16,4.0472513516220835e-09,0.0001552044172371,True
LYN,Hepatocyte,20260904,drug_target,1.8371681894103086e-16,2.4568176462006083e-16,2.489315919890024e-15,False
LYN,Hepatocyte,20260911,drug_target,1.2455326637754663e-16,1.9942660252532553e-16,2.114393031453861e-15,False
LYN,Hepatocyte,20260918,drug_target,1.1268199915845462e-16,1.8939447774345102e-16,1.0925420052206458e-15,False
LYN,Macrophage,20260904,drug_target,8.32379205553008e-17,1.2513401448030065e-16,1.4295685699561917e-15,False
LYN,Macrophage,20260911,drug_target,1.856357559325245e-16,2.411181597162547e-16,1.6000547749707737e-15,False
LYN,Macrophage,20260918,drug_target,1.5948429535175468e-16,2.0060394241430072e-16,1.7695323277858333e-15,False
MET,Hepatocyte,20260904,drug_target,1.9712887900883147e-16,2.4752436594197874e-16,2.712874288554172e-15,False
MET,Hepatocyte,20260911,drug_target,1.2699741504486103e-16,1.830987536829856e-16,2.1731984289432524e-15,False
MET,Hepatocyte,20260918,drug_target,5.4632920814202505e-17,1.4083461768144488e-16,1.5065663327492538e-15,False
OTC,Endothelial,20260904,dili_anchor,9.3220126097515e-17,1.0921491136353427e-11,4.732020841348245e-07,True
OTC,Endothelial,20260911,dili_anchor,7.468024270741073e-17,1.0872745270565743e-16,2.1931742128028e-15,False
OTC,Endothelial,20260918,dili_anchor,1.0468918167268836e-16,1.5124658680663363e-16,1.5666767799201042e-15,False
OTC,Hepatocyte,20260904,dili_anchor,1.6277664080851248e-16,2.663570932090202e-07,0.0006055502799697,True
OTC,Hepatocyte,20260911,dili_anchor,1.0214342550361092e-16,1.5460435546827542e-16,2.21506958416138e-15,False
OTC,Hepatocyte,20260918,dili_anchor,1.324893102822001e-16,2.334360027089339e-16,9.500145823334722e-16,False
PCK2,Endothelial,20260904,dili_anchor,7.24528039201171e-17,1.1646413889079212e-16,1.6772789125379325e-15,False
PCK2,Endothelial,20260911,dili_anchor,1.3641360955411972e-16,1.7975022829045028e-16,2.110709222964156e-15,False
PCK2,Endothelial,20260918,dili_anchor,1.1319767676535323e-16,1.6157854645963155e-16,1.9891337547436188e-15,False
PCK2,Hepatocyte,20260904,dili_anchor,2.1101544818987563e-16,3.7047867346393853e-09,9.6410934080349e-05,True
PCK2,Hepatocyte,20260911,dili_anchor,1.3736486728287012e-16,9.174533306452255e-10,5.638799365936006e-05,True
PCK2,Hepatocyte,20260918,dili_anchor,7.293040771985805e-17,1.2100628745150569e-06,0.001261141485925,True
PCK2,Macrophage,20260904,dili_anchor,1.0301245847857883e-16,1.4305024306874377e-16,1.5253410652402252e-15,False
PCK2,Macrophage,20260911,dili_anchor,1.3477568765766816e-16,1.7955557416614556e-16,1.8184338775631423e-15,False
PCK2,Macrophage,20260918,dili_anchor,1.6475316078926499e-16,2.336308198051721e-16,1.951183776263509e-15,False
PDGFRA,Endothelial,20260904,drug_target,8.28751306455864e-17,1.5718616877749374e-09,0.0001301554884372,True
PDGFRA,Endothelial,20260911,drug_target,6.287816454881167e-17,1.030854482986913e-16,1.956566179481021e-15,False
PDGFRA,Endothelial,20260918,drug_target,1.755541739102222e-16,1.3113522433874702e-11,5.657684051613288e-07,True
TYK2,Endothelial,20260904,drug_target,8.317385877644914e-17,1.3628641251916116e-16,1.525456628948545e-15,False
TYK2,Endothelial,20260911,drug_target,7.93893858744667e-17,1.2987103361940276e-16,2.161514669096855e-15,False
TYK2,Endothelial,20260918,drug_target,1.112525394106819e-16,1.7049198852749963e-16,2.1469563270251743e-15,False
TYK2,Hepatocyte,20260904,drug_target,1.8811637444952352e-16,2.5913345375624034e-16,2.2658498178117203e-15,False
TYK2,Hepatocyte,20260911,drug_target,1.306097817104643e-16,1.9594511589651673e-16,1.7889149657959756e-15,False
TYK2,Hepatocyte,20260918,drug_target,8.275336402859265e-17,1.620279883164171e-16,1.2596480024695948e-15,False
TYK2,Macrophage,20260904,drug_target,8.34803938726349e-17,1.298583764069347e-16,1.2742427965534784e-15,False
TYK2,Macrophage,20260911,drug_target,1.3569743109561352e-16,2.039709910014186e-16,1.932606487920652e-15,False
TYK2,Macrophage,20260918,drug_target,1.1517840591778883e-16,1.6834706193833954e-16,1.7524056005904656e-15,False
