target,algorithm,score,rank
ABL1,median,0.3823529793658088,11.0
AXL,median,0.22518385390625,16.0
CDK4,median,0.2794118065716912,15.0
FGFR1,median,0.5156250463694853,8.0
FGFR2,median,0.6176471203584559,4.0
FGFR3,median,0.5294118165900735,7.0
FGFR4,median,0.4558823943474265,9.0
FLT1,median,0.7058824133731617,3.0
FLT3,median,0.35018386897977943,12.0
FLT4,median,0.756433899586397,2.0
JAK1,median,0.5762868192555147,6.0
KDR,median,0.5946691753216913,5.0
LRRK2,median,0.3088235698529412,14.0
LYN,median,0.3970588711856618,10.0
MET,median,0.1626838419577206,17.0
PDGFRA,median,0.8170956702665442,1.0
TYK2,median,0.31893386741727947,13.0
ABL1,mean,0.3818933823529412,15.0
AXL,mean,0.3037683823529412,16.0
CDK4,mean,0.4186580882352941,12.0
FGFR1,mean,0.4636948529411764,9.0
FGFR2,mean,0.6153492647058824,3.0
FGFR3,mean,0.5188419117647058,7.0
FGFR4,mean,0.41406250000000006,13.0
FLT1,mean,0.6043198529411764,4.0
FLT3,mean,0.45450367647058826,10.0
FLT4,mean,0.7605698529411765,2.0
JAK1,mean,0.5454963235294118,6.0
KDR,mean,0.5767463235294118,5.0
LRRK2,mean,0.40441176470588236,14.0
LYN,mean,0.4765625,8.0
MET,mean,0.1842830882352941,17.0
PDGFRA,mean,0.8203125,1.0
TYK2,mean,0.43887867647058826,11.0
ABL1,geometric,0.37453906196084985,11.0
AXL,geometric,0.22885378068512846,15.0
CDK4,geometric,0.3245240367636555,12.0
FGFR1,geometric,0.28065237345615934,14.0
FGFR2,geometric,0.5909496176567731,3.0
FGFR3,geometric,0.4872216583152191,5.0
FGFR4,geometric,0.32025305306044016,13.0
FLT1,geometric,0.4525012877717433,6.0
FLT3,geometric,0.3869938729829664,10.0
FLT4,geometric,0.7575436744661185,2.0
JAK1,geometric,0.517565262794789,4.0
KDR,geometric,0.4172317012281268,7.0
LRRK2,geometric,0.22829570403826152,16.0
LYN,geometric,0.40699545318440183,8.0
MET,geometric,0.1008298580343695,17.0
PDGFRA,geometric,0.8175479707547096,1.0
TYK2,geometric,0.3886973822078691,9.0
ABL1,maximin,0.29411764705882354,4.5
AXL,maximin,0.08823529411764706,13.5
CDK4,maximin,0.14705882352941177,10.5
FGFR1,maximin,0.029411764705882353,16.0
FGFR2,maximin,0.38235294117647056,3.0
FGFR3,maximin,0.28125,6.0
FGFR4,maximin,0.08823529411764706,13.5
FLT1,maximin,0.09375,12.0
FLT3,maximin,0.20588235294117646,8.5
FLT4,maximin,0.6764705882352942,2.0
JAK1,maximin,0.29411764705882354,4.5
KDR,maximin,0.14705882352941177,10.5
LRRK2,maximin,0.029411764705882353,16.0
LYN,maximin,0.20588235294117646,8.5
MET,maximin,0.029411764705882353,16.0
PDGFRA,maximin,0.7352941176470589,1.0
TYK2,maximin,0.2647058823529412,7.0
ABL1,RRA,0.6050707013225965,9.0
AXL,RRA,0.16046889283192978,16.0
CDK4,RRA,0.9234988527269083,5.0
FGFR1,RRA,0.5051499783199059,13.0
FGFR2,RRA,0.8370384892333433,6.0
FGFR3,RRA,0.5736885692092524,10.0
FGFR4,RRA,0.30618555233056244,15.0
FLT1,RRA,0.7973138769822653,7.0
FLT3,RRA,0.5101601987870904,12.0
FLT4,RRA,1.9603449275361207,3.0
JAK1,RRA,0.6386004986808832,8.0
KDR,RRA,2.3019852130434564,2.0
LRRK2,RRA,0.948624520128852,4.0
LYN,RRA,0.48746998740448805,14.0
MET,RRA,0.051859908657470616,17.0
PDGFRA,RRA,2.3089456304117215,1.0
TYK2,RRA,0.5341556334808699,11.0
ABL1,legacy_consensus,-10.0,10.0
AXL,legacy_consensus,-15.0,15.0
CDK4,legacy_consensus,-11.0,11.0
FGFR1,legacy_consensus,-3.0,3.0
FGFR2,legacy_consensus,-8.0,8.0
FGFR3,legacy_consensus,-9.0,9.0
FGFR4,legacy_consensus,-13.0,13.0
FLT1,legacy_consensus,-7.0,7.0
FLT3,legacy_consensus,-12.0,12.0
FLT4,legacy_consensus,-1.0,1.0
JAK1,legacy_consensus,-5.0,5.0
KDR,legacy_consensus,-4.0,4.0
LRRK2,legacy_consensus,-16.0,16.0
LYN,legacy_consensus,-6.0,6.0
MET,legacy_consensus,-17.0,17.0
PDGFRA,legacy_consensus,-2.0,2.0
TYK2,legacy_consensus,-14.0,14.0
