algorithm,sensitivity_type,specification,rank_rho_vs_primary,top5_jaccard_vs_primary
RRA,donor_omission,P1TLH__discovery_DO_vs_HV,0.7173514530420378,0.42857142857142855
RRA,donor_omission,P2TLH__discovery_DO_vs_HV,0.7614961578446248,0.42857142857142855
RRA,donor_omission,P3TLH__discovery_DO_vs_HV,0.7713060922451996,0.42857142857142855
RRA,donor_omission,P4TLH__discovery_DO_vs_HV,0.752450980392157,0.6666666666666666
RRA,donor_omission,P5TLH__discovery_DO_vs_HV,0.7970571700467087,0.6666666666666666
RRA,measurement,HepG2_landmarks_only,0.9093137254901962,1.0
RRA,missingness,floor,1.0,1.0
RRA,missingness,neutral,1.0,1.0
RRA,missingness,observed_only,1.0,1.0
RRA,network_specification,absolute_k10_r0.3__confirmatory_DO_vs_HV,0.8553921568627452,0.6666666666666666
RRA,network_specification,absolute_k10_r0.3__confirmatory_DO_vs_NDO,0.9116571279743092,0.6666666666666666
RRA,network_specification,absolute_k10_r0.3__discovery_DO_vs_HV,0.9822196818575595,0.6666666666666666
RRA,network_specification,absolute_k10_r0.3__discovery_DO_vs_NDO,0.8553921568627452,0.6666666666666666
RRA,network_specification,absolute_k10_r0.5__confirmatory_DO_vs_HV,0.985294117647059,0.6666666666666666
RRA,network_specification,absolute_k10_r0.5__confirmatory_DO_vs_NDO,0.9668718934640049,0.6666666666666666
RRA,network_specification,absolute_k10_r0.5__discovery_DO_vs_HV,0.9797671982574159,0.42857142857142855
RRA,network_specification,absolute_k10_r0.5__discovery_DO_vs_NDO,0.9123238992534636,0.6666666666666666
RRA,network_specification,absolute_k10_r0.7__confirmatory_DO_vs_HV,0.9846721654577032,0.6666666666666666
RRA,network_specification,absolute_k10_r0.7__confirmatory_DO_vs_NDO,0.9822196818575595,0.6666666666666666
RRA,network_specification,absolute_k10_r0.7__discovery_DO_vs_HV,0.977314714657272,0.42857142857142855
RRA,network_specification,absolute_k10_r0.7__discovery_DO_vs_NDO,0.9846721654577032,0.6666666666666666
RRA,network_specification,absolute_k20_r0.3__confirmatory_DO_vs_HV,0.9926470588235295,0.6666666666666666
RRA,network_specification,absolute_k20_r0.3__confirmatory_DO_vs_NDO,0.8196325188248165,0.42857142857142855
RRA,network_specification,absolute_k20_r0.3__discovery_DO_vs_HV,0.9417537024551881,1.0
RRA,network_specification,absolute_k20_r0.3__discovery_DO_vs_NDO,0.864500469050661,0.6666666666666666
RRA,network_specification,absolute_k20_r0.5__confirmatory_DO_vs_HV,0.9993870670585656,1.0
RRA,network_specification,absolute_k20_r0.5__confirmatory_DO_vs_NDO,0.8269944875567758,0.6666666666666666
RRA,network_specification,absolute_k20_r0.5__discovery_DO_vs_HV,0.9435589924794667,1.0
RRA,network_specification,absolute_k20_r0.5__discovery_DO_vs_NDO,0.864500469050661,0.6666666666666666
RRA,network_specification,absolute_k20_r0.7__confirmatory_DO_vs_HV,0.9993870670585656,1.0
RRA,network_specification,absolute_k20_r0.7__confirmatory_DO_vs_NDO,0.8252607314483615,0.6666666666666666
RRA,network_specification,absolute_k20_r0.7__discovery_DO_vs_HV,0.9435589924794667,1.0
RRA,network_specification,absolute_k20_r0.7__discovery_DO_vs_NDO,0.864500469050661,0.6666666666666666
RRA,network_specification,absolute_k40_r0.3__confirmatory_DO_vs_HV,0.8620479854505172,0.6666666666666666
RRA,network_specification,absolute_k40_r0.3__confirmatory_DO_vs_NDO,0.6691176470588236,0.42857142857142855
RRA,network_specification,absolute_k40_r0.3__discovery_DO_vs_HV,0.7165649565773844,0.6666666666666666
RRA,network_specification,absolute_k40_r0.3__discovery_DO_vs_NDO,0.6740196078431374,0.42857142857142855
RRA,network_specification,absolute_k40_r0.5__confirmatory_DO_vs_HV,0.8620479854505172,0.6666666666666666
RRA,network_specification,absolute_k40_r0.5__confirmatory_DO_vs_NDO,0.7125328632649115,0.42857142857142855
RRA,network_specification,absolute_k40_r0.5__discovery_DO_vs_HV,0.7526102388186444,0.6666666666666666
RRA,network_specification,absolute_k40_r0.5__discovery_DO_vs_NDO,0.7026365514411755,0.42857142857142855
RRA,network_specification,absolute_k40_r0.7__confirmatory_DO_vs_HV,0.9104301331856492,0.6666666666666666
RRA,network_specification,absolute_k40_r0.7__confirmatory_DO_vs_NDO,0.7117427585907179,0.42857142857142855
RRA,network_specification,absolute_k40_r0.7__discovery_DO_vs_HV,0.7526102388186444,0.6666666666666666
RRA,network_specification,absolute_k40_r0.7__discovery_DO_vs_NDO,0.6707542646393072,0.42857142857142855
RRA,network_specification,positive_k10_r0.3__confirmatory_DO_vs_HV,0.9221338336540383,0.6666666666666666
RRA,network_specification,positive_k10_r0.3__confirmatory_DO_vs_NDO,0.9895771326579906,0.6666666666666666
RRA,network_specification,positive_k10_r0.3__discovery_DO_vs_HV,0.9147763828536072,0.42857142857142855
RRA,network_specification,positive_k10_r0.3__discovery_DO_vs_NDO,0.8602941176470589,0.6666666666666666
RRA,network_specification,positive_k10_r0.5__confirmatory_DO_vs_HV,0.985294117647059,0.6666666666666666
RRA,network_specification,positive_k10_r0.5__confirmatory_DO_vs_NDO,0.9889577996598832,0.6666666666666666
RRA,network_specification,positive_k10_r0.5__discovery_DO_vs_HV,0.9797671982574159,0.42857142857142855
RRA,network_specification,positive_k10_r0.5__discovery_DO_vs_NDO,0.977314714657272,0.42857142857142855
RRA,network_specification,positive_k10_r0.7__confirmatory_DO_vs_HV,0.9846721654577032,0.6666666666666666
RRA,network_specification,positive_k10_r0.7__confirmatory_DO_vs_NDO,0.9815958309279239,0.6666666666666666
RRA,network_specification,positive_k10_r0.7__discovery_DO_vs_HV,0.9803921568627453,0.42857142857142855
RRA,network_specification,positive_k10_r0.7__discovery_DO_vs_NDO,0.9797671982574159,0.42857142857142855
RRA,network_specification,positive_k20_r0.3__confirmatory_DO_vs_HV,1.0,1.0
RRA,network_specification,positive_k20_r0.3__confirmatory_DO_vs_NDO,0.954601945577406,0.6666666666666666
RRA,network_specification,positive_k20_r0.3__discovery_DO_vs_HV,1.0,1.0
RRA,network_specification,positive_k20_r0.3__discovery_DO_vs_NDO,0.9926470588235295,0.6666666666666666
RRA,network_specification,positive_k20_r0.5__confirmatory_DO_vs_HV,0.985294117647059,0.6666666666666666
RRA,network_specification,positive_k20_r0.5__confirmatory_DO_vs_NDO,0.954601945577406,0.6666666666666666
RRA,network_specification,positive_k20_r0.5__discovery_DO_vs_HV,1.0,1.0
RRA,network_specification,positive_k20_r0.5__discovery_DO_vs_NDO,0.9957083416583499,1.0
RRA,network_specification,positive_k20_r0.7__confirmatory_DO_vs_HV,0.9846721654577032,0.6666666666666666
RRA,network_specification,positive_k20_r0.7__confirmatory_DO_vs_NDO,0.9846721654577032,0.6666666666666666
RRA,network_specification,positive_k20_r0.7__discovery_DO_vs_HV,0.9993870670585656,1.0
RRA,network_specification,positive_k20_r0.7__discovery_DO_vs_NDO,0.9558823529411765,1.0
RRA,network_specification,positive_k40_r0.3__confirmatory_DO_vs_HV,0.7860209938460619,0.42857142857142855
RRA,network_specification,positive_k40_r0.3__confirmatory_DO_vs_NDO,0.6723931441856278,0.42857142857142855
RRA,network_specification,positive_k40_r0.3__discovery_DO_vs_HV,0.8360971821133716,0.6666666666666666
RRA,network_specification,positive_k40_r0.3__discovery_DO_vs_NDO,0.7467812562437625,0.42857142857142855
RRA,network_specification,positive_k40_r0.5__confirmatory_DO_vs_HV,0.7680987377011004,0.6666666666666666
RRA,network_specification,positive_k40_r0.5__confirmatory_DO_vs_NDO,0.6707542646393072,0.42857142857142855
RRA,network_specification,positive_k40_r0.5__discovery_DO_vs_HV,0.8434636771099652,0.6666666666666666
RRA,network_specification,positive_k40_r0.5__discovery_DO_vs_NDO,0.7271613874426127,0.6666666666666666
RRA,network_specification,positive_k40_r0.7__confirmatory_DO_vs_HV,0.7680987377011004,0.6666666666666666
RRA,network_specification,positive_k40_r0.7__confirmatory_DO_vs_NDO,0.7230392156862746,0.42857142857142855
RRA,network_specification,positive_k40_r0.7__discovery_DO_vs_HV,0.8434636771099652,0.6666666666666666
RRA,network_specification,positive_k40_r0.7__discovery_DO_vs_NDO,0.6936274509803922,0.42857142857142855
geometric,donor_omission,P1TLH__discovery_DO_vs_HV,0.7352941176470589,0.6666666666666666
geometric,donor_omission,P2TLH__discovery_DO_vs_HV,0.7573529411764707,0.42857142857142855
geometric,donor_omission,P3TLH__discovery_DO_vs_HV,0.9240196078431374,0.6666666666666666
geometric,donor_omission,P4TLH__discovery_DO_vs_HV,0.928921568627451,0.6666666666666666
geometric,donor_omission,P5TLH__discovery_DO_vs_HV,0.8823529411764707,0.6666666666666666
geometric,measurement,HepG2_landmarks_only,0.6348039215686275,0.42857142857142855
geometric,missingness,floor,1.0,1.0
geometric,missingness,neutral,0.8651960784313727,1.0
geometric,missingness,observed_only,0.8897058823529412,1.0
geometric,network_specification,absolute_k10_r0.3__confirmatory_DO_vs_HV,0.9436274509803922,1.0
geometric,network_specification,absolute_k10_r0.3__confirmatory_DO_vs_NDO,0.8823529411764707,0.6666666666666666
geometric,network_specification,absolute_k10_r0.3__discovery_DO_vs_HV,0.9460784313725492,1.0
geometric,network_specification,absolute_k10_r0.3__discovery_DO_vs_NDO,0.8799019607843139,1.0
geometric,network_specification,absolute_k10_r0.5__confirmatory_DO_vs_HV,0.9632352941176472,1.0
geometric,network_specification,absolute_k10_r0.5__confirmatory_DO_vs_NDO,0.8872549019607844,1.0
geometric,network_specification,absolute_k10_r0.5__discovery_DO_vs_HV,0.9460784313725492,1.0
geometric,network_specification,absolute_k10_r0.5__discovery_DO_vs_NDO,0.9436274509803922,1.0
geometric,network_specification,absolute_k10_r0.7__confirmatory_DO_vs_HV,0.965686274509804,1.0
geometric,network_specification,absolute_k10_r0.7__confirmatory_DO_vs_NDO,0.9411764705882353,1.0
geometric,network_specification,absolute_k10_r0.7__discovery_DO_vs_HV,0.9558823529411765,1.0
geometric,network_specification,absolute_k10_r0.7__discovery_DO_vs_NDO,0.9632352941176472,1.0
geometric,network_specification,absolute_k20_r0.3__confirmatory_DO_vs_HV,0.9681372549019608,1.0
geometric,network_specification,absolute_k20_r0.3__confirmatory_DO_vs_NDO,0.8406862745098039,1.0
geometric,network_specification,absolute_k20_r0.3__discovery_DO_vs_HV,0.8995098039215688,1.0
geometric,network_specification,absolute_k20_r0.3__discovery_DO_vs_NDO,0.8897058823529412,1.0
geometric,network_specification,absolute_k20_r0.5__confirmatory_DO_vs_HV,0.9877450980392157,1.0
geometric,network_specification,absolute_k20_r0.5__confirmatory_DO_vs_NDO,0.8431372549019609,1.0
geometric,network_specification,absolute_k20_r0.5__discovery_DO_vs_HV,0.9730392156862747,1.0
geometric,network_specification,absolute_k20_r0.5__discovery_DO_vs_NDO,0.982843137254902,1.0
geometric,network_specification,absolute_k20_r0.7__confirmatory_DO_vs_HV,0.985294117647059,1.0
geometric,network_specification,absolute_k20_r0.7__confirmatory_DO_vs_NDO,0.9191176470588237,1.0
geometric,network_specification,absolute_k20_r0.7__discovery_DO_vs_HV,0.9730392156862747,1.0
geometric,network_specification,absolute_k20_r0.7__discovery_DO_vs_NDO,0.982843137254902,1.0
geometric,network_specification,absolute_k40_r0.3__confirmatory_DO_vs_HV,0.965686274509804,1.0
geometric,network_specification,absolute_k40_r0.3__confirmatory_DO_vs_NDO,0.8357843137254902,1.0
geometric,network_specification,absolute_k40_r0.3__discovery_DO_vs_HV,0.9632352941176472,1.0
geometric,network_specification,absolute_k40_r0.3__discovery_DO_vs_NDO,0.8823529411764707,1.0
geometric,network_specification,absolute_k40_r0.5__confirmatory_DO_vs_HV,0.9681372549019608,1.0
geometric,network_specification,absolute_k40_r0.5__confirmatory_DO_vs_NDO,0.8357843137254902,1.0
geometric,network_specification,absolute_k40_r0.5__discovery_DO_vs_HV,0.9730392156862747,1.0
geometric,network_specification,absolute_k40_r0.5__discovery_DO_vs_NDO,0.8921568627450982,1.0
geometric,network_specification,absolute_k40_r0.7__confirmatory_DO_vs_HV,0.9877450980392157,1.0
geometric,network_specification,absolute_k40_r0.7__confirmatory_DO_vs_NDO,0.8455882352941178,1.0
geometric,network_specification,absolute_k40_r0.7__discovery_DO_vs_HV,0.9803921568627453,1.0
geometric,network_specification,absolute_k40_r0.7__discovery_DO_vs_NDO,0.9607843137254902,1.0
geometric,network_specification,positive_k10_r0.3__confirmatory_DO_vs_HV,0.9705882352941178,1.0
geometric,network_specification,positive_k10_r0.3__confirmatory_DO_vs_NDO,0.8651960784313727,0.6666666666666666
geometric,network_specification,positive_k10_r0.3__discovery_DO_vs_HV,0.9607843137254902,1.0
geometric,network_specification,positive_k10_r0.3__discovery_DO_vs_NDO,0.9558823529411765,1.0
geometric,network_specification,positive_k10_r0.5__confirmatory_DO_vs_HV,0.9754901960784315,1.0
geometric,network_specification,positive_k10_r0.5__confirmatory_DO_vs_NDO,0.8725490196078433,1.0
geometric,network_specification,positive_k10_r0.5__discovery_DO_vs_HV,0.9509803921568628,1.0
geometric,network_specification,positive_k10_r0.5__discovery_DO_vs_NDO,0.9509803921568628,1.0
geometric,network_specification,positive_k10_r0.7__confirmatory_DO_vs_HV,0.9681372549019608,1.0
geometric,network_specification,positive_k10_r0.7__confirmatory_DO_vs_NDO,0.9411764705882353,1.0
geometric,network_specification,positive_k10_r0.7__discovery_DO_vs_HV,0.928921568627451,0.6666666666666666
geometric,network_specification,positive_k10_r0.7__discovery_DO_vs_NDO,0.9681372549019608,1.0
geometric,network_specification,positive_k20_r0.3__confirmatory_DO_vs_HV,0.9387254901960785,1.0
geometric,network_specification,positive_k20_r0.3__confirmatory_DO_vs_NDO,0.8480392156862745,1.0
geometric,network_specification,positive_k20_r0.3__discovery_DO_vs_HV,1.0,1.0
geometric,network_specification,positive_k20_r0.3__discovery_DO_vs_NDO,0.9901960784313727,1.0
geometric,network_specification,positive_k20_r0.5__confirmatory_DO_vs_HV,0.9877450980392157,1.0
geometric,network_specification,positive_k20_r0.5__confirmatory_DO_vs_NDO,0.8480392156862745,1.0
geometric,network_specification,positive_k20_r0.5__discovery_DO_vs_HV,1.0,1.0
geometric,network_specification,positive_k20_r0.5__discovery_DO_vs_NDO,1.0,1.0
geometric,network_specification,positive_k20_r0.7__confirmatory_DO_vs_HV,0.985294117647059,1.0
geometric,network_specification,positive_k20_r0.7__confirmatory_DO_vs_NDO,0.982843137254902,1.0
geometric,network_specification,positive_k20_r0.7__discovery_DO_vs_HV,0.9901960784313727,1.0
geometric,network_specification,positive_k20_r0.7__discovery_DO_vs_NDO,0.985294117647059,1.0
geometric,network_specification,positive_k40_r0.3__confirmatory_DO_vs_HV,0.8602941176470589,1.0
geometric,network_specification,positive_k40_r0.3__confirmatory_DO_vs_NDO,0.7818627450980392,0.6666666666666666
geometric,network_specification,positive_k40_r0.3__discovery_DO_vs_HV,0.8848039215686275,1.0
geometric,network_specification,positive_k40_r0.3__discovery_DO_vs_NDO,0.8186274509803922,0.6666666666666666
geometric,network_specification,positive_k40_r0.5__confirmatory_DO_vs_HV,0.7965686274509804,0.6666666666666666
geometric,network_specification,positive_k40_r0.5__confirmatory_DO_vs_NDO,0.7892156862745099,0.6666666666666666
geometric,network_specification,positive_k40_r0.5__discovery_DO_vs_HV,0.8872549019607844,1.0
geometric,network_specification,positive_k40_r0.5__discovery_DO_vs_NDO,0.8382352941176472,0.6666666666666666
geometric,network_specification,positive_k40_r0.7__confirmatory_DO_vs_HV,0.7965686274509804,0.6666666666666666
geometric,network_specification,positive_k40_r0.7__confirmatory_DO_vs_NDO,0.8186274509803922,0.6666666666666666
geometric,network_specification,positive_k40_r0.7__discovery_DO_vs_HV,0.8897058823529412,1.0
geometric,network_specification,positive_k40_r0.7__discovery_DO_vs_NDO,0.8382352941176472,0.6666666666666666
maximin,donor_omission,P1TLH__discovery_DO_vs_HV,0.7421151697420307,0.5
maximin,donor_omission,P2TLH__discovery_DO_vs_HV,0.5792079207920793,0.42857142857142855
maximin,donor_omission,P3TLH__discovery_DO_vs_HV,0.8800249054524247,0.6666666666666666
maximin,donor_omission,P4TLH__discovery_DO_vs_HV,0.9375388311074322,0.6666666666666666
maximin,donor_omission,P5TLH__discovery_DO_vs_HV,0.9238861386138614,0.6666666666666666
maximin,measurement,HepG2_landmarks_only,0.2124081542374247,0.25
maximin,missingness,floor,1.0,1.0
maximin,missingness,neutral,0.8378712871287128,0.8333333333333334
maximin,missingness,observed_only,0.8378712871287128,0.8333333333333334
maximin,network_specification,absolute_k10_r0.3__confirmatory_DO_vs_HV,0.9777227722772277,1.0
maximin,network_specification,absolute_k10_r0.3__confirmatory_DO_vs_NDO,0.9412128712871288,1.0
maximin,network_specification,absolute_k10_r0.3__discovery_DO_vs_HV,0.9758663366336634,1.0
maximin,network_specification,absolute_k10_r0.3__discovery_DO_vs_NDO,0.9436881188118813,1.0
maximin,network_specification,absolute_k10_r0.5__confirmatory_DO_vs_HV,1.0,1.0
maximin,network_specification,absolute_k10_r0.5__confirmatory_DO_vs_NDO,0.9393564356435645,1.0
maximin,network_specification,absolute_k10_r0.5__discovery_DO_vs_HV,0.9981435643564357,1.0
maximin,network_specification,absolute_k10_r0.5__discovery_DO_vs_NDO,0.9777227722772277,1.0
maximin,network_specification,absolute_k10_r0.7__confirmatory_DO_vs_HV,0.9981435643564357,1.0
maximin,network_specification,absolute_k10_r0.7__confirmatory_DO_vs_NDO,0.9758663366336634,1.0
maximin,network_specification,absolute_k10_r0.7__discovery_DO_vs_HV,0.9907178217821783,1.0
maximin,network_specification,absolute_k10_r0.7__discovery_DO_vs_NDO,0.9981435643564357,1.0
maximin,network_specification,absolute_k20_r0.3__confirmatory_DO_vs_HV,0.9845297029702971,1.0
maximin,network_specification,absolute_k20_r0.3__confirmatory_DO_vs_NDO,0.9226485148514851,1.0
maximin,network_specification,absolute_k20_r0.3__discovery_DO_vs_HV,0.9436881188118813,1.0
maximin,network_specification,absolute_k20_r0.3__discovery_DO_vs_NDO,0.9251237623762377,1.0
maximin,network_specification,absolute_k20_r0.5__confirmatory_DO_vs_HV,1.0,1.0
maximin,network_specification,absolute_k20_r0.5__confirmatory_DO_vs_NDO,0.9226485148514851,1.0
maximin,network_specification,absolute_k20_r0.5__discovery_DO_vs_HV,1.0,1.0
maximin,network_specification,absolute_k20_r0.5__discovery_DO_vs_NDO,1.0,1.0
maximin,network_specification,absolute_k20_r0.7__confirmatory_DO_vs_HV,1.0,1.0
maximin,network_specification,absolute_k20_r0.7__confirmatory_DO_vs_NDO,0.9752475247524753,1.0
maximin,network_specification,absolute_k20_r0.7__discovery_DO_vs_HV,1.0,1.0
maximin,network_specification,absolute_k20_r0.7__discovery_DO_vs_NDO,1.0,1.0
maximin,network_specification,absolute_k40_r0.3__confirmatory_DO_vs_HV,0.9826732673267328,1.0
maximin,network_specification,absolute_k40_r0.3__confirmatory_DO_vs_NDO,0.9207920792079208,1.0
maximin,network_specification,absolute_k40_r0.3__discovery_DO_vs_HV,0.9826732673267328,1.0
maximin,network_specification,absolute_k40_r0.3__discovery_DO_vs_NDO,0.9418316831683169,1.0
maximin,network_specification,absolute_k40_r0.5__confirmatory_DO_vs_HV,0.9826732673267328,1.0
maximin,network_specification,absolute_k40_r0.5__confirmatory_DO_vs_NDO,0.9226485148514851,1.0
maximin,network_specification,absolute_k40_r0.5__discovery_DO_vs_HV,0.9826732673267328,1.0
maximin,network_specification,absolute_k40_r0.5__discovery_DO_vs_NDO,0.9418316831683169,1.0
maximin,network_specification,absolute_k40_r0.7__confirmatory_DO_vs_HV,0.9981435643564357,1.0
maximin,network_specification,absolute_k40_r0.7__confirmatory_DO_vs_NDO,0.9226485148514851,1.0
maximin,network_specification,absolute_k40_r0.7__discovery_DO_vs_HV,0.9981435643564357,1.0
maximin,network_specification,absolute_k40_r0.7__discovery_DO_vs_NDO,0.9758663366336634,1.0
maximin,network_specification,positive_k10_r0.3__confirmatory_DO_vs_HV,1.0,1.0
maximin,network_specification,positive_k10_r0.3__confirmatory_DO_vs_NDO,0.9436881188118813,1.0
maximin,network_specification,positive_k10_r0.3__discovery_DO_vs_HV,1.0,1.0
maximin,network_specification,positive_k10_r0.3__discovery_DO_vs_NDO,0.9777227722772277,1.0
maximin,network_specification,positive_k10_r0.5__confirmatory_DO_vs_HV,1.0,1.0
maximin,network_specification,positive_k10_r0.5__confirmatory_DO_vs_NDO,0.9418316831683169,1.0
maximin,network_specification,positive_k10_r0.5__discovery_DO_vs_HV,0.9981435643564357,1.0
maximin,network_specification,positive_k10_r0.5__discovery_DO_vs_NDO,0.9758663366336634,1.0
maximin,network_specification,positive_k10_r0.7__confirmatory_DO_vs_HV,0.9907178217821783,1.0
maximin,network_specification,positive_k10_r0.7__confirmatory_DO_vs_NDO,0.9758663366336634,1.0
maximin,network_specification,positive_k10_r0.7__discovery_DO_vs_HV,0.9870131757569008,1.0
maximin,network_specification,positive_k10_r0.7__discovery_DO_vs_NDO,0.9981435643564357,1.0
maximin,network_specification,positive_k20_r0.3__confirmatory_DO_vs_HV,0.9845297029702971,1.0
maximin,network_specification,positive_k20_r0.3__confirmatory_DO_vs_NDO,0.9226485148514851,1.0
maximin,network_specification,positive_k20_r0.3__discovery_DO_vs_HV,1.0,1.0
maximin,network_specification,positive_k20_r0.3__discovery_DO_vs_NDO,1.0,1.0
maximin,network_specification,positive_k20_r0.5__confirmatory_DO_vs_HV,1.0,1.0
maximin,network_specification,positive_k20_r0.5__confirmatory_DO_vs_NDO,0.9226485148514851,1.0
maximin,network_specification,positive_k20_r0.5__discovery_DO_vs_HV,1.0,1.0
maximin,network_specification,positive_k20_r0.5__discovery_DO_vs_NDO,0.9931930693069307,0.6666666666666666
maximin,network_specification,positive_k20_r0.7__confirmatory_DO_vs_HV,0.9981435643564357,1.0
maximin,network_specification,positive_k20_r0.7__confirmatory_DO_vs_NDO,0.9975247524752476,1.0
maximin,network_specification,positive_k20_r0.7__discovery_DO_vs_HV,0.9981435643564357,1.0
maximin,network_specification,positive_k20_r0.7__discovery_DO_vs_NDO,0.9603960396039605,0.6666666666666666
maximin,network_specification,positive_k40_r0.3__confirmatory_DO_vs_HV,0.8971506268347215,0.8333333333333334
maximin,network_specification,positive_k40_r0.3__confirmatory_DO_vs_NDO,0.7513916093638061,0.6666666666666666
maximin,network_specification,positive_k40_r0.3__discovery_DO_vs_HV,0.9418316831683169,1.0
maximin,network_specification,positive_k40_r0.3__discovery_DO_vs_NDO,0.7797029702970297,0.5
maximin,network_specification,positive_k40_r0.5__confirmatory_DO_vs_HV,0.7914603960396039,0.5
maximin,network_specification,positive_k40_r0.5__confirmatory_DO_vs_NDO,0.7513916093638061,0.6666666666666666
maximin,network_specification,positive_k40_r0.5__discovery_DO_vs_HV,0.9418316831683169,1.0
maximin,network_specification,positive_k40_r0.5__discovery_DO_vs_NDO,0.7728960396039604,0.6666666666666666
maximin,network_specification,positive_k40_r0.7__confirmatory_DO_vs_HV,0.7914603960396039,0.5
maximin,network_specification,positive_k40_r0.7__confirmatory_DO_vs_NDO,0.7513916093638061,0.6666666666666666
maximin,network_specification,positive_k40_r0.7__discovery_DO_vs_HV,0.9418316831683169,1.0
maximin,network_specification,positive_k40_r0.7__discovery_DO_vs_NDO,0.7563390438287529,0.6666666666666666
mean,donor_omission,P1TLH__discovery_DO_vs_HV,0.8186274509803922,0.6666666666666666
mean,donor_omission,P2TLH__discovery_DO_vs_HV,0.9019607843137255,1.0
mean,donor_omission,P3TLH__discovery_DO_vs_HV,0.9191176470588237,1.0
mean,donor_omission,P4TLH__discovery_DO_vs_HV,0.9142156862745098,0.6666666666666666
mean,donor_omission,P5TLH__discovery_DO_vs_HV,0.9166666666666667,1.0
mean,measurement,HepG2_landmarks_only,0.8355834510773951,1.0
mean,missingness,floor,1.0,1.0
mean,missingness,neutral,0.931372549019608,1.0
mean,missingness,observed_only,0.931372549019608,1.0
mean,network_specification,absolute_k10_r0.3__confirmatory_DO_vs_HV,0.9558823529411765,1.0
mean,network_specification,absolute_k10_r0.3__confirmatory_DO_vs_NDO,0.9044117647058825,1.0
mean,network_specification,absolute_k10_r0.3__discovery_DO_vs_HV,0.8921568627450982,1.0
mean,network_specification,absolute_k10_r0.3__discovery_DO_vs_NDO,0.9558823529411765,1.0
mean,network_specification,absolute_k10_r0.5__confirmatory_DO_vs_HV,0.931372549019608,1.0
mean,network_specification,absolute_k10_r0.5__confirmatory_DO_vs_NDO,0.9215686274509804,0.6666666666666666
mean,network_specification,absolute_k10_r0.5__discovery_DO_vs_HV,0.911764705882353,1.0
mean,network_specification,absolute_k10_r0.5__discovery_DO_vs_NDO,0.9558823529411765,1.0
mean,network_specification,absolute_k10_r0.7__confirmatory_DO_vs_HV,0.9142156862745098,1.0
mean,network_specification,absolute_k10_r0.7__confirmatory_DO_vs_NDO,0.9240196078431374,1.0
mean,network_specification,absolute_k10_r0.7__discovery_DO_vs_HV,0.911764705882353,1.0
mean,network_specification,absolute_k10_r0.7__discovery_DO_vs_NDO,0.9142156862745098,1.0
mean,network_specification,absolute_k20_r0.3__confirmatory_DO_vs_HV,0.9705882352941178,1.0
mean,network_specification,absolute_k20_r0.3__confirmatory_DO_vs_NDO,0.931372549019608,0.6666666666666666
mean,network_specification,absolute_k20_r0.3__discovery_DO_vs_HV,0.948529411764706,0.6666666666666666
mean,network_specification,absolute_k20_r0.3__discovery_DO_vs_NDO,0.948529411764706,0.6666666666666666
mean,network_specification,absolute_k20_r0.5__confirmatory_DO_vs_HV,0.9730392156862747,1.0
mean,network_specification,absolute_k20_r0.5__confirmatory_DO_vs_NDO,0.9338235294117647,0.6666666666666666
mean,network_specification,absolute_k20_r0.5__discovery_DO_vs_HV,0.9607843137254902,1.0
mean,network_specification,absolute_k20_r0.5__discovery_DO_vs_NDO,0.9460784313725492,0.6666666666666666
mean,network_specification,absolute_k20_r0.7__confirmatory_DO_vs_HV,0.9730392156862747,1.0
mean,network_specification,absolute_k20_r0.7__confirmatory_DO_vs_NDO,0.9460784313725492,0.6666666666666666
mean,network_specification,absolute_k20_r0.7__discovery_DO_vs_HV,0.9607843137254902,1.0
mean,network_specification,absolute_k20_r0.7__discovery_DO_vs_NDO,0.9460784313725492,0.6666666666666666
mean,network_specification,absolute_k40_r0.3__confirmatory_DO_vs_HV,0.9730392156862747,1.0
mean,network_specification,absolute_k40_r0.3__confirmatory_DO_vs_NDO,0.8848039215686275,0.6666666666666666
mean,network_specification,absolute_k40_r0.3__discovery_DO_vs_HV,0.9558823529411765,0.6666666666666666
mean,network_specification,absolute_k40_r0.3__discovery_DO_vs_NDO,0.9607843137254902,0.6666666666666666
mean,network_specification,absolute_k40_r0.5__confirmatory_DO_vs_HV,0.9754901960784315,1.0
mean,network_specification,absolute_k40_r0.5__confirmatory_DO_vs_NDO,0.928921568627451,0.6666666666666666
mean,network_specification,absolute_k40_r0.5__discovery_DO_vs_HV,0.9589210876561942,0.6666666666666666
mean,network_specification,absolute_k40_r0.5__discovery_DO_vs_NDO,0.9632352941176472,0.6666666666666666
mean,network_specification,absolute_k40_r0.7__confirmatory_DO_vs_HV,0.965686274509804,1.0
mean,network_specification,absolute_k40_r0.7__confirmatory_DO_vs_NDO,0.9338235294117647,0.6666666666666666
mean,network_specification,absolute_k40_r0.7__discovery_DO_vs_HV,0.9564686040560504,0.6666666666666666
mean,network_specification,absolute_k40_r0.7__discovery_DO_vs_NDO,0.948529411764706,0.6666666666666666
mean,network_specification,positive_k10_r0.3__confirmatory_DO_vs_HV,0.9558823529411765,1.0
mean,network_specification,positive_k10_r0.3__confirmatory_DO_vs_NDO,0.9264705882352943,1.0
mean,network_specification,positive_k10_r0.3__discovery_DO_vs_HV,0.9240196078431374,1.0
mean,network_specification,positive_k10_r0.3__discovery_DO_vs_NDO,0.9558823529411765,1.0
mean,network_specification,positive_k10_r0.5__confirmatory_DO_vs_HV,0.9509803921568628,1.0
mean,network_specification,positive_k10_r0.5__confirmatory_DO_vs_NDO,0.9093137254901962,1.0
mean,network_specification,positive_k10_r0.5__discovery_DO_vs_HV,0.9142156862745098,1.0
mean,network_specification,positive_k10_r0.5__discovery_DO_vs_NDO,0.9338235294117647,1.0
mean,network_specification,positive_k10_r0.7__confirmatory_DO_vs_HV,0.9166666666666667,1.0
mean,network_specification,positive_k10_r0.7__confirmatory_DO_vs_NDO,0.9436274509803922,1.0
mean,network_specification,positive_k10_r0.7__discovery_DO_vs_HV,0.8970588235294119,1.0
mean,network_specification,positive_k10_r0.7__discovery_DO_vs_NDO,0.9338235294117647,1.0
mean,network_specification,positive_k20_r0.3__confirmatory_DO_vs_HV,0.965686274509804,1.0
mean,network_specification,positive_k20_r0.3__confirmatory_DO_vs_NDO,0.9754901960784315,1.0
mean,network_specification,positive_k20_r0.3__discovery_DO_vs_HV,0.9975490196078433,1.0
mean,network_specification,positive_k20_r0.3__discovery_DO_vs_NDO,0.982843137254902,1.0
mean,network_specification,positive_k20_r0.5__confirmatory_DO_vs_HV,0.9730392156862747,1.0
mean,network_specification,positive_k20_r0.5__confirmatory_DO_vs_NDO,0.9632352941176472,1.0
mean,network_specification,positive_k20_r0.5__discovery_DO_vs_HV,1.0,1.0
mean,network_specification,positive_k20_r0.5__discovery_DO_vs_NDO,1.0,1.0
mean,network_specification,positive_k20_r0.7__confirmatory_DO_vs_HV,0.965686274509804,1.0
mean,network_specification,positive_k20_r0.7__confirmatory_DO_vs_NDO,0.9705882352941178,1.0
mean,network_specification,positive_k20_r0.7__discovery_DO_vs_HV,0.9901960784313727,1.0
mean,network_specification,positive_k20_r0.7__discovery_DO_vs_NDO,0.9926470588235295,1.0
mean,network_specification,positive_k40_r0.3__confirmatory_DO_vs_HV,0.9142156862745098,1.0
mean,network_specification,positive_k40_r0.3__confirmatory_DO_vs_NDO,0.8897058823529412,0.6666666666666666
mean,network_specification,positive_k40_r0.3__discovery_DO_vs_HV,0.9730392156862747,1.0
mean,network_specification,positive_k40_r0.3__discovery_DO_vs_NDO,0.9607843137254902,1.0
mean,network_specification,positive_k40_r0.5__confirmatory_DO_vs_HV,0.9387254901960785,1.0
mean,network_specification,positive_k40_r0.5__confirmatory_DO_vs_NDO,0.9019607843137255,0.6666666666666666
mean,network_specification,positive_k40_r0.5__discovery_DO_vs_HV,0.9754901960784315,1.0
mean,network_specification,positive_k40_r0.5__discovery_DO_vs_NDO,0.9632352941176472,1.0
mean,network_specification,positive_k40_r0.7__confirmatory_DO_vs_HV,0.9362745098039217,1.0
mean,network_specification,positive_k40_r0.7__confirmatory_DO_vs_NDO,0.911764705882353,0.6666666666666666
mean,network_specification,positive_k40_r0.7__discovery_DO_vs_HV,0.9730392156862747,1.0
mean,network_specification,positive_k40_r0.7__discovery_DO_vs_NDO,0.9534313725490198,0.6666666666666666
median,donor_omission,P1TLH__discovery_DO_vs_HV,0.9362745098039217,0.6666666666666666
median,donor_omission,P2TLH__discovery_DO_vs_HV,0.9436274509803922,1.0
median,donor_omission,P3TLH__discovery_DO_vs_HV,0.8799019607843139,0.6666666666666666
median,donor_omission,P4TLH__discovery_DO_vs_HV,0.9044117647058825,0.6666666666666666
median,donor_omission,P5TLH__discovery_DO_vs_HV,0.911764705882353,1.0
median,measurement,HepG2_landmarks_only,0.9093137254901962,1.0
median,missingness,floor,1.0,1.0
median,missingness,neutral,0.9754901960784315,1.0
median,missingness,observed_only,0.9975490196078433,1.0
median,network_specification,absolute_k10_r0.3__confirmatory_DO_vs_HV,0.9044117647058825,1.0
median,network_specification,absolute_k10_r0.3__confirmatory_DO_vs_NDO,0.8897058823529412,1.0
median,network_specification,absolute_k10_r0.3__discovery_DO_vs_HV,0.9142156862745098,1.0
median,network_specification,absolute_k10_r0.3__discovery_DO_vs_NDO,0.911764705882353,1.0
median,network_specification,absolute_k10_r0.5__confirmatory_DO_vs_HV,0.9460784313725492,1.0
median,network_specification,absolute_k10_r0.5__confirmatory_DO_vs_NDO,0.9019607843137255,1.0
median,network_specification,absolute_k10_r0.5__discovery_DO_vs_HV,0.9068627450980394,1.0
median,network_specification,absolute_k10_r0.5__discovery_DO_vs_NDO,0.9044117647058825,1.0
median,network_specification,absolute_k10_r0.7__confirmatory_DO_vs_HV,0.9460784313725492,1.0
median,network_specification,absolute_k10_r0.7__confirmatory_DO_vs_NDO,0.9436274509803922,1.0
median,network_specification,absolute_k10_r0.7__discovery_DO_vs_HV,0.9068627450980394,1.0
median,network_specification,absolute_k10_r0.7__discovery_DO_vs_NDO,0.9044117647058825,1.0
median,network_specification,absolute_k20_r0.3__confirmatory_DO_vs_HV,0.9387254901960785,1.0
median,network_specification,absolute_k20_r0.3__confirmatory_DO_vs_NDO,0.8504901960784315,0.6666666666666666
median,network_specification,absolute_k20_r0.3__discovery_DO_vs_HV,0.9362745098039217,1.0
median,network_specification,absolute_k20_r0.3__discovery_DO_vs_NDO,0.9044117647058825,0.6666666666666666
median,network_specification,absolute_k20_r0.5__confirmatory_DO_vs_HV,0.9436274509803922,1.0
median,network_specification,absolute_k20_r0.5__confirmatory_DO_vs_NDO,0.8504901960784315,0.6666666666666666
median,network_specification,absolute_k20_r0.5__discovery_DO_vs_HV,0.9362745098039217,1.0
median,network_specification,absolute_k20_r0.5__discovery_DO_vs_NDO,0.9068627450980394,0.6666666666666666
median,network_specification,absolute_k20_r0.7__confirmatory_DO_vs_HV,0.9436274509803922,1.0
median,network_specification,absolute_k20_r0.7__confirmatory_DO_vs_NDO,0.8504901960784315,0.6666666666666666
median,network_specification,absolute_k20_r0.7__discovery_DO_vs_HV,0.9362745098039217,1.0
median,network_specification,absolute_k20_r0.7__discovery_DO_vs_NDO,0.9068627450980394,0.6666666666666666
median,network_specification,absolute_k40_r0.3__confirmatory_DO_vs_HV,0.9411764705882353,1.0
median,network_specification,absolute_k40_r0.3__confirmatory_DO_vs_NDO,0.8431372549019609,0.6666666666666666
median,network_specification,absolute_k40_r0.3__discovery_DO_vs_HV,0.8799019607843139,0.6666666666666666
median,network_specification,absolute_k40_r0.3__discovery_DO_vs_NDO,0.875,0.6666666666666666
median,network_specification,absolute_k40_r0.5__confirmatory_DO_vs_HV,0.9411764705882353,1.0
median,network_specification,absolute_k40_r0.5__confirmatory_DO_vs_NDO,0.8651960784313727,0.6666666666666666
median,network_specification,absolute_k40_r0.5__discovery_DO_vs_HV,0.8700980392156864,0.6666666666666666
median,network_specification,absolute_k40_r0.5__discovery_DO_vs_NDO,0.8651960784313727,0.6666666666666666
median,network_specification,absolute_k40_r0.7__confirmatory_DO_vs_HV,0.9411764705882353,1.0
median,network_specification,absolute_k40_r0.7__confirmatory_DO_vs_NDO,0.8725490196078433,0.6666666666666666
median,network_specification,absolute_k40_r0.7__discovery_DO_vs_HV,0.8700980392156864,0.6666666666666666
median,network_specification,absolute_k40_r0.7__discovery_DO_vs_NDO,0.8651960784313727,0.6666666666666666
median,network_specification,positive_k10_r0.3__confirmatory_DO_vs_HV,0.9583333333333335,1.0
median,network_specification,positive_k10_r0.3__confirmatory_DO_vs_NDO,0.931372549019608,1.0
median,network_specification,positive_k10_r0.3__discovery_DO_vs_HV,0.9558823529411765,1.0
median,network_specification,positive_k10_r0.3__discovery_DO_vs_NDO,0.9509803921568628,1.0
median,network_specification,positive_k10_r0.5__confirmatory_DO_vs_HV,0.9558823529411765,1.0
median,network_specification,positive_k10_r0.5__confirmatory_DO_vs_NDO,0.9362745098039217,1.0
median,network_specification,positive_k10_r0.5__discovery_DO_vs_HV,0.9558823529411765,1.0
median,network_specification,positive_k10_r0.5__discovery_DO_vs_NDO,0.9558823529411765,1.0
median,network_specification,positive_k10_r0.7__confirmatory_DO_vs_HV,0.9558823529411765,1.0
median,network_specification,positive_k10_r0.7__confirmatory_DO_vs_NDO,0.9436274509803922,1.0
median,network_specification,positive_k10_r0.7__discovery_DO_vs_HV,0.9632352941176472,1.0
median,network_specification,positive_k10_r0.7__discovery_DO_vs_NDO,0.9558823529411765,1.0
median,network_specification,positive_k20_r0.3__confirmatory_DO_vs_HV,0.9803921568627453,1.0
median,network_specification,positive_k20_r0.3__confirmatory_DO_vs_NDO,0.9754901960784315,1.0
median,network_specification,positive_k20_r0.3__discovery_DO_vs_HV,1.0,1.0
median,network_specification,positive_k20_r0.3__discovery_DO_vs_NDO,0.9877450980392157,1.0
median,network_specification,positive_k20_r0.5__confirmatory_DO_vs_HV,0.9901960784313727,1.0
median,network_specification,positive_k20_r0.5__confirmatory_DO_vs_NDO,0.9803921568627453,1.0
median,network_specification,positive_k20_r0.5__discovery_DO_vs_HV,1.0,1.0
median,network_specification,positive_k20_r0.5__discovery_DO_vs_NDO,0.9950980392156863,1.0
median,network_specification,positive_k20_r0.7__confirmatory_DO_vs_HV,0.9901960784313727,1.0
median,network_specification,positive_k20_r0.7__confirmatory_DO_vs_NDO,0.9803921568627453,1.0
median,network_specification,positive_k20_r0.7__discovery_DO_vs_HV,1.0,1.0
median,network_specification,positive_k20_r0.7__discovery_DO_vs_NDO,0.9975490196078433,1.0
median,network_specification,positive_k40_r0.3__confirmatory_DO_vs_HV,0.9607843137254902,1.0
median,network_specification,positive_k40_r0.3__confirmatory_DO_vs_NDO,0.9362745098039217,0.6666666666666666
median,network_specification,positive_k40_r0.3__discovery_DO_vs_HV,0.9803921568627453,1.0
median,network_specification,positive_k40_r0.3__discovery_DO_vs_NDO,0.9632352941176472,1.0
median,network_specification,positive_k40_r0.5__confirmatory_DO_vs_HV,0.9558823529411765,1.0
median,network_specification,positive_k40_r0.5__confirmatory_DO_vs_NDO,0.9534313725490198,0.6666666666666666
median,network_specification,positive_k40_r0.5__discovery_DO_vs_HV,0.9803921568627453,1.0
median,network_specification,positive_k40_r0.5__discovery_DO_vs_NDO,0.9779411764705883,1.0
median,network_specification,positive_k40_r0.7__confirmatory_DO_vs_HV,0.9558823529411765,1.0
median,network_specification,positive_k40_r0.7__confirmatory_DO_vs_NDO,0.9534313725490198,0.6666666666666666
median,network_specification,positive_k40_r0.7__discovery_DO_vs_HV,0.9803921568627453,1.0
median,network_specification,positive_k40_r0.7__discovery_DO_vs_NDO,0.9779411764705883,1.0
