target,legacy_consensus_rank,max_pchembl,n_documents,is_landmark,is_bing,RRA,geometric,maximin,mean,median,detection_weighted_network_z,n_available_compartments,maximum_detection_fraction,sum_compartment_detection,n_weight_draws,rank_median,rank_q025,rank_q975,top5_frequency,first_rank_frequency,network_specification_rank_min,network_specification_rank_median,network_specification_rank_max,donor_omission_rank_min,donor_omission_rank_median,donor_omission_rank_max,missingness_rank_min,missingness_rank_median,missingness_rank_max,measurement_rank_min,measurement_rank_median,measurement_rank_max,primary_experimental_priority_top5,causal_confirmation,primary_score_inference
PDGFRA,2,8.72,7.0,0.0,1.0,1.0,1.0,1.0,1.0,1.0,1.8722354200456068,3,0.0363187056173693,0.0410481469245975,5000,1.0,1.0,2.0,1.0,0.9726,1.0,1.0,2.0,1.0,1.0,1.0,1.0,1.0,1.0,4.0,4.0,4.0,True,not established,relative experimental priority; not DILI mediation probability
FLT4,1,8.3,4.0,0.0,1.0,3.0,2.0,2.0,2.0,2.0,0.24792110234517226,3,0.1622116607290365,0.1744779217943729,5000,2.0,1.0,2.0,1.0,0.0274,1.0,2.0,2.0,2.0,3.0,5.0,2.0,2.0,2.0,5.0,5.0,5.0,True,not established,relative experimental priority; not DILI mediation probability
FGFR2,8,7.43,2.0,1.0,1.0,6.0,3.0,3.0,3.0,4.0,-0.2049955546242161,2,0.0368410344793124,0.0399802161332969,5000,3.0,3.0,6.0,0.9292,0.0,3.0,3.0,4.0,2.0,4.0,4.0,3.0,3.0,3.0,1.0,1.0,1.0,True,not established,relative experimental priority; not DILI mediation probability
JAK1,5,8.32,1.0,0.0,1.0,8.0,4.0,4.5,6.0,6.0,0.27054216460988784,3,0.4176041667255624,0.9704904043901976,5000,4.0,3.0,8.0,0.7002,0.0,4.0,4.0,8.0,5.0,5.0,10.0,4.0,4.0,4.0,11.0,11.0,11.0,True,not established,relative experimental priority; not DILI mediation probability
FGFR3,9,8.23,4.0,0.0,1.0,10.0,5.0,6.0,7.0,7.0,-0.427469213997974,3,0.1307017986721793,0.1875979783960152,5000,5.0,4.0,9.0,0.5886,0.0,4.0,5.0,6.0,5.0,6.0,7.0,5.0,5.0,5.0,9.0,9.0,9.0,True,not established,relative experimental priority; not DILI mediation probability
FLT1,7,7.89,5.0,0.0,1.0,7.0,6.0,12.0,4.0,3.0,0.5257246919662412,3,0.5224055110178328,0.5829631545703581,5000,6.0,3.0,14.0,0.3446,0.0,5.0,6.0,12.0,4.0,6.0,7.0,6.0,6.0,7.0,6.0,6.0,6.0,False,not established,relative experimental priority; not DILI mediation probability
KDR,4,8.98,5.0,0.0,1.0,2.0,7.0,10.5,5.0,5.0,-0.8591873205763432,3,0.3186318252827135,0.3624427084261987,5000,7.0,3.0,13.0,0.1866,0.0,5.0,9.0,14.0,2.0,3.0,14.0,7.0,8.0,8.0,10.0,10.0,10.0,False,not established,relative experimental priority; not DILI mediation probability
LYN,6,7.26,3.0,1.0,1.0,14.0,8.0,8.5,8.0,10.0,-0.3099758614574412,3,0.3584021152629523,0.4761732498718506,5000,8.0,5.0,13.0,0.1956,0.0,6.0,9.5,14.0,7.0,10.0,15.0,8.0,9.0,9.0,2.0,2.0,2.0,False,not established,relative experimental priority; not DILI mediation probability
TYK2,14,7.43,1.0,0.0,1.0,11.0,9.0,7.0,11.0,13.0,1.0635413643379947,3,0.0863856785754188,0.2118461195341978,5000,9.0,6.0,13.0,0.017,0.0,6.0,10.0,12.0,8.0,11.0,13.0,9.0,10.0,10.0,13.0,13.0,13.0,False,not established,relative experimental priority; not DILI mediation probability
FLT3,12,9.38,2.0,0.0,1.0,12.0,10.0,8.5,10.0,12.0,-0.687040287117748,3,0.0737652027697184,0.07645157241594776,5000,9.0,6.0,13.0,0.024,0.0,7.0,9.0,12.0,8.0,11.0,12.0,10.0,11.0,11.0,14.0,14.0,14.0,False,not established,relative experimental priority; not DILI mediation probability
ABL1,10,8.0,1.0,1.0,1.0,9.0,11.0,4.5,15.0,11.0,-0.5719452114639415,3,0.0707541445148114,0.1675912167742252,5000,10.0,8.0,12.0,0.0,0.0,7.0,9.0,12.0,7.0,10.0,12.0,11.0,12.0,12.0,3.0,3.0,3.0,False,not established,relative experimental priority; not DILI mediation probability
CDK4,11,6.8,1.0,1.0,1.0,5.0,12.0,10.5,12.0,15.0,-0.6650354781007453,3,0.1331932845130286,0.31412371767841457,5000,13.0,6.0,15.0,0.003,0.0,10.0,12.0,14.0,9.0,9.0,15.0,12.0,13.0,13.0,7.0,7.0,7.0,False,not established,relative experimental priority; not DILI mediation probability
FGFR4,13,6.21,2.0,1.0,1.0,15.0,13.0,13.5,13.0,9.0,-0.18280915460133473,3,0.1173547261588983,0.1333677296886207,5000,13.0,7.0,16.0,0.0,0.0,11.0,14.0,15.0,11.0,12.0,14.0,13.0,14.0,14.0,8.0,8.0,8.0,False,not established,relative experimental priority; not DILI mediation probability
FGFR1,3,7.5,6.0,0.0,1.0,13.0,14.0,16.0,9.0,8.0,-1.213925715371444,3,0.2220832025848527,0.2390878263633168,5000,14.0,7.0,17.0,0.0112,0.0,3.0,13.0,14.0,3.0,14.0,14.0,14.0,15.0,15.0,16.0,16.0,16.0,False,not established,relative experimental priority; not DILI mediation probability
AXL,15,7.92,2.0,0.0,1.0,16.0,15.0,13.5,16.0,16.0,-1.1511765717910967,3,0.2616738214506223,0.272114912945247,5000,15.0,12.0,16.0,0.0,0.0,14.0,15.0,16.0,11.0,15.0,16.0,15.0,16.0,16.0,15.0,15.0,15.0,False,not established,relative experimental priority; not DILI mediation probability
LRRK2,16,7.43,1.0,,,4.0,16.0,16.0,14.0,14.0,4.991713665678731,3,0.1357242845915267,0.207422799820841,5000,15.0,9.0,16.0,0.0,0.0,15.0,16.0,16.0,15.0,16.0,16.0,6.0,7.0,16.0,12.0,12.0,12.0,False,not established,relative experimental priority; not DILI mediation probability
MET,17,6.7,1.0,0.0,1.0,17.0,17.0,16.0,17.0,17.0,-0.4465018849351074,3,0.1107100774743403,0.12679757695112578,5000,17.0,16.0,17.0,0.0,0.0,17.0,17.0,17.0,17.0,17.0,17.0,17.0,17.0,17.0,17.0,17.0,17.0,False,not established,relative experimental priority; not DILI mediation probability
