target,pharmacology,clinical_network,HepG2_perturbation,STRING_context
ABL1,0.53875,-0.5719452114639415,0.44,0.28125
AXL,0.6312500000000001,-1.1511765717910967,0.2133333333333333,0.28125
CDK4,0.1621874999999999,-0.6650354781007453,0.9066666666666666,0.28125
FGFR1,0.596875,-1.213925715371444,0.4479999999999999,0.815625
FGFR2,0.45,-0.2049955546242161,0.6266666666666667,0.7124999999999999
FGFR3,0.6875,-0.427469213997974,0.256,0.665625
FGFR4,0.15,-0.18280915460133473,0.4933333333333333,0.28125
FLT1,0.6156250000000001,0.5257246919662412,0.192,0.8734375000000001
FLT3,0.934375,-0.687040287117748,0.352,0.28125
FLT4,0.815625,0.24792110234517226,0.5226666666666667,0.8515625
JAK1,0.610625,0.27054216460988784,0.4906666666666666,0.28125
KDR,0.965625,-0.8591873205763432,0.2506666666666667,1.0
LRRK2,0.429375,4.991713665678731,,0.28125
LYN,0.3,-0.3099758614574412,0.8533333333333333,0.28125
MET,0.1278125,-0.4465018849351074,0.1653333333333333,0.28125
PDGFRA,0.9000000000000001,1.8722354200456068,0.544,0.76875
TYK2,0.304375,1.0635413643379947,0.3093333333333333,0.28125
