target,detection_weighted_network_z,n_available_compartments,maximum_detection_fraction,sum_compartment_detection
ABL1,-0.5719452114639415,3,0.0707541445148114,0.1675912167742252
AXL,-1.1511765717910967,3,0.2616738214506223,0.272114912945247
CDK4,-0.6650354781007453,3,0.1331932845130286,0.31412371767841457
FGFR1,-1.213925715371444,3,0.2220832025848527,0.2390878263633168
FGFR2,-0.2049955546242161,2,0.0368410344793124,0.0399802161332969
FGFR3,-0.427469213997974,3,0.1307017986721793,0.1875979783960152
FGFR4,-0.18280915460133473,3,0.1173547261588983,0.1333677296886207
FLT1,0.5257246919662412,3,0.5224055110178328,0.5829631545703581
FLT3,-0.687040287117748,3,0.0737652027697184,0.07645157241594776
FLT4,0.24792110234517226,3,0.1622116607290365,0.1744779217943729
JAK1,0.27054216460988784,3,0.4176041667255624,0.9704904043901976
KDR,-0.8591873205763432,3,0.3186318252827135,0.3624427084261987
LRRK2,4.991713665678731,3,0.1357242845915267,0.207422799820841
LYN,-0.3099758614574412,3,0.3584021152629523,0.4761732498718506
MET,-0.4465018849351074,3,0.1107100774743403,0.12679757695112578
PDGFRA,1.8722354200456068,3,0.0363187056173693,0.0410481469245975
TYK2,1.0635413643379947,3,0.0863856785754188,0.2118461195341978
