compartment,seed,ko_label,ko_class,n_q_lt_0_05,dili_anchor_mean_percentile,dili_anchor_top20_count,mechanism_mean_percentile,mechanism_top20_count,median_distance
Endothelial,20260904,ABL1,drug_target,13,0.24179431072210064,0,0.21371261852662288,0,1.2125060268775527e-16
Endothelial,20260904,ACO1,dili_anchor,9,0.2404570872842207,0,0.19280330658886458,0,1.592509058132633e-16
Endothelial,20260904,ALDOB,dili_anchor,15,0.2433746656941405,0,0.2804522246535375,0,1.0967461941388825e-16
Endothelial,20260904,ASS1,dili_anchor,12,0.287381473377097,0,0.2552881108679796,0,1.343464164398994e-16
Endothelial,20260904,CDK4,drug_target,14,0.1971553610503282,0,0.20216387065402378,0,1.2052276634133863e-16
Endothelial,20260904,CES1,dili_anchor,9,0.19353270119134447,0,0.30132578195391935,0,1.627599080962562e-16
Endothelial,20260904,CPS1,dili_anchor,10,0.20957938244590318,0,0.27947969851689763,0,1.7195876977924577e-16
Endothelial,20260904,FBP1,dili_anchor,14,0.20520301483102357,0,0.19085825431558467,0,1.0925145138986754e-16
Endothelial,20260904,FGFR1,drug_target,0,0.10568927789934353,0,0.2138341842937029,0,1.4720471428283902e-10
Endothelial,20260904,FGFR3,drug_target,11,0.29759299781181614,0,0.3294432287867737,0,1.420326984690935e-16
Endothelial,20260904,FLT1,drug_target,2,0.14595185995623627,0,0.15390226112326766,0,1.5885128828751394e-07
Endothelial,20260904,FLT4,drug_target,2,0.12997811816192556,0,0.17079990274738627,0,8.322279908655495e-09
Endothelial,20260904,GSTA1,dili_anchor,12,0.16994894237782637,0,0.24495502066618036,0,1.2136943884430673e-16
Endothelial,20260904,HPD,dili_anchor,12,0.224410406029662,0,0.1855093605640651,0,1.096221419150291e-16
Endothelial,20260904,JAK1,drug_target,2,0.1256017505470459,0,0.1518356430829078,0,1.249316390854468e-09
Endothelial,20260904,KDR,drug_target,5,0.1382932166301969,0,0.16022368101142714,0,1.9920224345022053e-07
Endothelial,20260904,KDR+FLT1+FLT4+FGFR1+FGFR3+PDGFRA,canonical_poly_target,8,0.1282275711159737,0,0.16168247021638704,0,2.690039716600347e-07
Endothelial,20260904,LRRK2,drug_target,16,0.1752735229759299,0,0.2811816192560175,0,1.1960424497496672e-16
Endothelial,20260904,LYN,drug_target,2,0.1520787746170678,0,0.15937272064186722,0,4.880078695051345e-10
Endothelial,20260904,OTC,dili_anchor,1,0.08995866763919275,0,0.1633843909555069,0,1.0920082628217944e-11
Endothelial,20260904,PCK2,dili_anchor,12,0.29054218332117676,0,0.2840991976659372,0,1.1664728499934429e-16
Endothelial,20260904,PDGFRA,drug_target,4,0.1547045951859956,0,0.14539265742766835,0,1.5662244297186598e-09
Endothelial,20260904,TYK2,drug_target,13,0.2448577680525164,0,0.2645271091660588,0,1.3632995301169948e-16
Endothelial,20260911,ABL1,drug_target,8,0.2478070175438596,0,0.24561403508771928,0,1.2122969109727441e-16
Endothelial,20260911,ACO1,dili_anchor,8,0.3016569200779726,0,0.2819917440660475,0,1.2580428670585524e-16
Endothelial,20260911,ALDOB,dili_anchor,0,0.18445419103313837,0,0.19723942208462328,0,4.4451152285094645e-09
Endothelial,20260911,ASS1,dili_anchor,9,0.3574561403508772,0,0.23181114551083587,0,1.6114411396257927e-16
Endothelial,20260911,CDK4,drug_target,9,0.2855263157894737,0,0.23232714138286892,0,1.0253283936466218e-16
Endothelial,20260911,CES1,dili_anchor,0,0.19371345029239762,0,0.1731085526315789,0,3.215934427071918e-09
Endothelial,20260911,CPS1,dili_anchor,1,0.19030214424951264,0,0.17530959752321978,0,3.493980993801605e-09
Endothelial,20260911,FBP1,dili_anchor,6,0.23635477582846004,0,0.29527863777089786,0,1.6525492014072662e-16
Endothelial,20260911,FGFR1,drug_target,7,0.37236842105263157,0,0.31553147574819396,0,1.1005014224373162e-16
Endothelial,20260911,FGFR3,drug_target,7,0.2699561403508771,0,0.1933694530443756,0,1.523574931945377e-16
Endothelial,20260911,FLT1,drug_target,0,0.23574561403508767,0,0.201625386996904,0,7.787421970321368e-09
Endothelial,20260911,FLT4,drug_target,6,0.3734649122807017,0,0.1851135190918472,0,1.6702845288880746e-16
Endothelial,20260911,GSTA1,dili_anchor,6,0.31067251461988304,0,0.3135964912280701,0,1.3919834294804906e-16
Endothelial,20260911,HPD,dili_anchor,11,0.30238791423001943,0,0.22110423116615066,0,1.2842190808705754e-16
Endothelial,20260911,JAK1,drug_target,6,0.34035087719298246,0,0.3123065015479876,0,1.2681828121744206e-16
Endothelial,20260911,KDR,drug_target,1,0.2587719298245614,0,0.19736842105263155,0,1.4522810311474204e-08
Endothelial,20260911,KDR+FLT1+FLT4+FGFR1+FGFR3+PDGFRA,canonical_poly_target,3,0.21118421052631575,0,0.20923632610939108,0,2.3503973378073756e-08
Endothelial,20260911,LRRK2,drug_target,9,0.24100877192982448,0,0.24071207430340552,0,1.023612318863946e-16
Endothelial,20260911,LYN,drug_target,9,0.22872807017543853,0,0.2352941176470588,0,1.043681546157807e-16
Endothelial,20260911,OTC,dili_anchor,9,0.2590155945419103,0,0.30417956656346745,0,1.0880600005715081e-16
Endothelial,20260911,PCK2,dili_anchor,5,0.29848927875243664,0,0.26496388028895757,0,1.7982566128364842e-16
Endothelial,20260911,PDGFRA,drug_target,9,0.2219298245614035,0,0.28805469556243546,0,1.0315960604909015e-16
Endothelial,20260911,TYK2,drug_target,5,0.29846491228070177,0,0.233359133126935,0,1.2990680865939544e-16
Endothelial,20260918,ABL1,drug_target,9,0.2879120879120879,0,0.3429864253393665,0,1.4597815605844938e-16
Endothelial,20260918,ACO1,dili_anchor,11,0.27863247863247864,0,0.383710407239819,0,1.6658396552896675e-16
Endothelial,20260918,ALDOB,dili_anchor,7,0.2627594627594627,0,0.3007110536522301,0,1.7431302358951642e-16
Endothelial,20260918,ASS1,dili_anchor,10,0.24761904761904757,0,0.3835811247575953,0,1.5649302198557436e-16
Endothelial,20260918,CDK4,drug_target,1,0.16439560439560436,0,0.2760180995475113,0,3.1319279290547808e-09
Endothelial,20260918,CES1,dili_anchor,0,0.18144078144078143,0,0.2552197802197802,0,8.724549014537043e-10
Endothelial,20260918,CPS1,dili_anchor,0,0.15921855921855918,0,0.323852617970265,0,1.6828091001386504e-07
Endothelial,20260918,FBP1,dili_anchor,10,0.27838827838827834,0,0.3241111829347123,0,1.4420553219940055e-16
Endothelial,20260918,FGFR1,drug_target,9,0.3591208791208791,0,0.35759534583063995,0,1.9185013348217184e-16
Endothelial,20260918,FGFR3,drug_target,9,0.2971428571428571,0,0.39056237879767286,0,1.3929039650432784e-16
Endothelial,20260918,FLT1,drug_target,0,0.19956043956043953,0,0.28106011635423395,0,5.803249820666619e-09
Endothelial,20260918,FLT4,drug_target,8,0.21670329670329663,0,0.3601809954751131,0,1.9107312547294804e-16
Endothelial,20260918,GSTA1,dili_anchor,6,0.35482295482295484,0,0.44550743374272783,0,1.8586763733576604e-16
Endothelial,20260918,HPD,dili_anchor,9,0.3162393162393162,0,0.3323852617970265,0,1.3589010878666187e-16
Endothelial,20260918,JAK1,drug_target,3,0.19054945054945055,0,0.3198448610213316,0,4.028230903411272e-11
Endothelial,20260918,KDR,drug_target,0,0.18109890109890106,0,0.3113122171945701,0,3.924585768679477e-07
Endothelial,20260918,KDR+FLT1+FLT4+FGFR1+FGFR3+PDGFRA,canonical_poly_target,0,0.21010989010989006,0,0.2985132514544279,0,3.9152634434038457e-07
Endothelial,20260918,LRRK2,drug_target,10,0.3312087912087912,0,0.3575953458306399,0,1.6993077162582388e-16
Endothelial,20260918,LYN,drug_target,0,0.16879120879120876,0,0.2938590820943762,0,4.019693976854419e-09
Endothelial,20260918,OTC,dili_anchor,11,0.25836385836385833,0,0.3441499676793794,0,1.513728183733042e-16
Endothelial,20260918,PCK2,dili_anchor,7,0.23296703296703292,0,0.3017453135100194,0,1.6172415044103294e-16
Endothelial,20260918,PDGFRA,drug_target,1,0.21384615384615385,0,0.3305753070458953,0,1.309855980491031e-11
Endothelial,20260918,TYK2,drug_target,6,0.29868131868131864,0,0.4387847446670976,0,1.705087329604692e-16
Hepatocyte,20260904,ABL1,drug_target,6,0.5954790823211877,0,0.39557226399331663,0,2.3587956385600785e-16
Hepatocyte,20260904,ACO1,dili_anchor,0,0.5317982456140351,2,0.30607769423558895,0,7.003969115117921e-09
Hepatocyte,20260904,ALDOB,dili_anchor,0,0.4683845029239766,1,0.2790309106098579,1,2.8953756890386097e-07
Hepatocyte,20260904,ASS1,dili_anchor,8,0.6027046783625731,0,0.34356725146198824,0,2.1861054898460084e-16
Hepatocyte,20260904,CDK4,drug_target,9,0.48313090418353577,0,0.3614243943191311,0,1.9503040222716744e-16
Hepatocyte,20260904,CES1,dili_anchor,0,0.5349049707602339,1,0.2654605263157895,0,4.872823406503568e-07
Hepatocyte,20260904,CPS1,dili_anchor,0,0.47039473684210514,1,0.285609857978279,0,9.264369674719108e-07
Hepatocyte,20260904,DMGDH,dili_anchor,9,0.5244883040935672,0,0.3523391812865497,0,1.901016979308377e-16
Hepatocyte,20260904,FAH,dili_anchor,11,0.5367324561403508,0,0.33886800334168754,0,2.0671905970502487e-16
Hepatocyte,20260904,FBP1,dili_anchor,0,0.5409356725146198,1,0.32121971595655796,0,1.5219828797209446e-07
Hepatocyte,20260904,FGFR2,drug_target,12,0.46929824561403505,0,0.37061403508771923,0,2.054107143515153e-16
Hepatocyte,20260904,FGFR3,drug_target,10,0.4389338731443995,0,0.3869047619047618,0,1.936084032719939e-16
Hepatocyte,20260904,FGFR4,drug_target,11,0.47334682860998645,0,0.3498329156223893,0,1.761121989202405e-16
Hepatocyte,20260904,FLT1,drug_target,9,0.4757085020242915,0,0.3716583124477862,0,2.1876376327342942e-16
Hepatocyte,20260904,GSTA1,dili_anchor,0,0.5297880116959064,1,0.30680868838763575,0,7.458413642184619e-07
Hepatocyte,20260904,HPD,dili_anchor,0,0.5339912280701755,1,0.2850877192982456,1,1.4585820043111337e-07
Hepatocyte,20260904,JAK1,drug_target,9,0.558535762483131,1,0.3343776106934002,0,1.9905618653163475e-16
Hepatocyte,20260904,KDR,drug_target,9,0.5546558704453441,0,0.2874895572263993,0,2.1684981941906527e-16
Hepatocyte,20260904,KDR+FLT1+FGFR2+FGFR3,canonical_poly_target,5,0.48566126855600544,0,0.40820802005012524,0,2.6626992917533496e-16
Hepatocyte,20260904,LECT2,dili_anchor,0,0.5135233918128655,1,0.30649540517961565,1,2.731341255058925e-09
Hepatocyte,20260904,LYN,drug_target,4,0.46356275303643724,0,0.3703007518796992,0,2.457692269476496e-16
Hepatocyte,20260904,MET,drug_target,7,0.5247975708502024,0,0.38345864661654133,0,2.4771208147901007e-16
Hepatocyte,20260904,OTC,dili_anchor,0,0.5283260233918128,2,0.31286549707602335,0,2.651531901034353e-07
Hepatocyte,20260904,PCK2,dili_anchor,0,0.5109649122807017,1,0.28707184628237253,1,3.699689533093363e-09
Hepatocyte,20260904,TYK2,drug_target,7,0.557523616734143,0,0.3355263157894736,0,2.5921938495511166e-16
Hepatocyte,20260911,ABL1,drug_target,12,0.4215653342290896,0,0.33130814505411044,0,1.8344143270143343e-16
Hepatocyte,20260911,ACO1,dili_anchor,11,0.40866084425036386,0,0.3477311562559331,1,1.7685453175236026e-16
Hepatocyte,20260911,ALDOB,dili_anchor,0,0.39628820960698685,1,0.25128156445794564,0,1.7716816238382665e-07
Hepatocyte,20260911,ASS1,dili_anchor,0,0.4308588064046579,0,0.24862350484146561,0,1.8464878790587802e-07
Hepatocyte,20260911,CDK4,drug_target,5,0.482700705408129,0,0.39719005126257834,0,2.4243916999185856e-16
Hepatocyte,20260911,CES1,dili_anchor,0,0.3304221251819504,0,0.2105994442238983,0,5.784323400317841e-07
Hepatocyte,20260911,CPS1,dili_anchor,0,0.40047307132459964,0,0.26371748623504837,0,9.124358409893198e-07
Hepatocyte,20260911,DMGDH,dili_anchor,4,0.4352256186317321,1,0.28650085437630524,0,5.104506250213918e-10
Hepatocyte,20260911,FAH,dili_anchor,13,0.45942503639010196,0,0.344218720334156,0,1.6760362937805475e-16
Hepatocyte,20260911,FBP1,dili_anchor,12,0.4062954876273653,0,0.3650085437630529,0,1.974892634665917e-16
Hepatocyte,20260911,FGFR2,drug_target,12,0.4136714813570708,0,0.34108600721473326,1,1.5267853406268163e-16
Hepatocyte,20260911,FGFR3,drug_target,10,0.35740678535438364,0,0.34934497816593885,0,2.0453961768524851e-16
Hepatocyte,20260911,FGFR4,drug_target,5,0.45213301981860937,0,0.36633757357129293,0,2.290058045476907e-16
Hepatocyte,20260911,FLT1,drug_target,19,0.4855559287873698,0,0.3260869565217391,1,1.6065304485277526e-16
Hepatocyte,20260911,GSTA1,dili_anchor,0,0.4281295487627365,0,0.2647617239415227,0,2.534627935750259e-07
Hepatocyte,20260911,HPD,dili_anchor,0,0.4079330422125182,0,0.2967533700398708,0,1.04469032473992e-09
Hepatocyte,20260911,JAK1,drug_target,8,0.4559959690964057,0,0.26751471425859114,0,2.1764726714785463e-16
Hepatocyte,20260911,KDR,drug_target,9,0.43029895868323814,0,0.3524776912853616,0,2.3360730351746013e-16
Hepatocyte,20260911,KDR+FLT1+FGFR2+FGFR3,canonical_poly_target,9,0.48438024857238826,0,0.34203531422061895,0,2.2343270216460945e-16
Hepatocyte,20260911,LECT2,dili_anchor,6,0.47270742358078605,0,0.32969432314410474,0,2.24342598989934e-16
Hepatocyte,20260911,LYN,drug_target,8,0.3869667450453476,0,0.3000759445604708,0,1.9958477612484984e-16
Hepatocyte,20260911,MET,drug_target,9,0.44306348673160895,0,0.328745016138219,0,1.8332476182569754e-16
Hepatocyte,20260911,OTC,dili_anchor,12,0.4936317321688501,0,0.29523447883045373,0,1.546889415371044e-16
Hepatocyte,20260911,PCK2,dili_anchor,0,0.4082969432314411,1,0.2682741598632998,0,9.124207888574875e-10
Hepatocyte,20260911,TYK2,drug_target,7,0.41266375545851525,0,0.3692804252895387,0,1.9603256018890663e-16
Hepatocyte,20260918,ABL1,drug_target,4,0.5002513826043237,1,0.3778535568816899,2,1.883487974205352e-16
Hepatocyte,20260918,ACO1,dili_anchor,7,0.6014887436456063,1,0.33380695273278393,2,1.6583770331287794e-16
Hepatocyte,20260918,ALDOB,dili_anchor,0,0.42120551924473487,0,0.2776356919579426,0,1.90906496133487e-09
Hepatocyte,20260918,ASS1,dili_anchor,1,0.48583877995642705,3,0.30065359477124176,4,2.0566834122945734e-09
Hepatocyte,20260918,CDK4,drug_target,8,0.5175129881012234,1,0.33967983328597134,2,1.8798125478879272e-16
Hepatocyte,20260918,CES1,dili_anchor,0,0.44680464778504,3,0.27302436125965535,4,7.363048646188912e-07
Hepatocyte,20260918,CPS1,dili_anchor,1,0.40994916485112554,1,0.32452401250355206,4,6.586347041237374e-07
Hepatocyte,20260918,DMGDH,dili_anchor,1,0.4259259259259258,2,0.311073221559155,4,1.5970140427684364e-06
Hepatocyte,20260918,FAH,dili_anchor,2,0.5442992011619463,1,0.39812446717817557,3,1.8693197154833492e-16
Hepatocyte,20260918,FBP1,dili_anchor,1,0.49092229484386346,2,0.3093681917211329,4,1.7147808126954795e-09
Hepatocyte,20260918,FGFR2,drug_target,4,0.48600636835930955,1,0.341763758643554,3,1.4574236305669736e-16
Hepatocyte,20260918,FGFR3,drug_target,0,0.46489022959611187,2,0.3108837737993747,4,1.06674458350743e-09
Hepatocyte,20260918,FGFR4,drug_target,6,0.4298642533936651,1,0.411101638723122,2,2.024192315164315e-16
Hepatocyte,20260918,FLT1,drug_target,2,0.5346070051952404,1,0.3577720943449844,1,1.4705401257709704e-16
Hepatocyte,20260918,GSTA1,dili_anchor,1,0.45933188090050825,3,0.3245240125035521,4,3.530845000951188e-07
Hepatocyte,20260918,HPD,dili_anchor,3,0.5844226579520697,1,0.4361087430141139,2,1.8856668748547358e-16
Hepatocyte,20260918,JAK1,drug_target,3,0.6297972180325122,1,0.35208866155157714,3,1.4929129155115112e-16
Hepatocyte,20260918,KDR,drug_target,2,0.44293614881850174,1,0.34043762432509234,2,1.7494506685594528e-16
Hepatocyte,20260918,KDR+FLT1+FGFR2+FGFR3,canonical_poly_target,0,0.45701357466063336,2,0.31400966183574874,4,1.074258895428255e-09
Hepatocyte,20260918,LECT2,dili_anchor,1,0.46169208424110386,3,0.29686463957563697,4,3.1485550783739397e-09
Hepatocyte,20260918,LYN,drug_target,3,0.494218200100553,1,0.39689305673960407,2,1.8950357263596463e-16
Hepatocyte,20260918,MET,drug_target,6,0.5421484833249539,1,0.4613052950648857,1,1.4119574796560063e-16
Hepatocyte,20260918,OTC,dili_anchor,0,0.5831517792302107,1,0.5266647721890688,2,2.33448821356632e-16
Hepatocyte,20260918,PCK2,dili_anchor,1,0.4201161946259984,2,0.30747371412333047,4,1.1952812157842987e-06
Hepatocyte,20260918,TYK2,drug_target,3,0.5057817998994468,1,0.38742066875059206,2,1.6210257782411168e-16
Macrophage,20260904,ABL1,drug_target,2,0.2993392070484582,0,0.3420575278569577,0,4.161683957010129e-10
Macrophage,20260904,ACO1,dili_anchor,0,0.25795398923152224,0,0.31381186835967867,0,5.328214547174684e-09
Macrophage,20260904,ALDOB,dili_anchor,3,0.27435144395496813,0,0.3130344648872765,0,6.070955394661943e-09
Macrophage,20260904,ASS1,dili_anchor,1,0.24204601076847773,0,0.2972272609484322,0,1.5232885563845072e-08
Macrophage,20260904,AXL,drug_target,0,0.30616740088105726,0,0.3170510494946877,0,1.735273149302665e-07
Macrophage,20260904,CDK4,drug_target,11,0.29405286343612336,0,0.3276755636175175,0,1.1031940461429855e-09
Macrophage,20260904,CES1,dili_anchor,4,0.3499755261869799,0,0.34498898678414097,0,1.9139556560126741e-16
Macrophage,20260904,CPS1,dili_anchor,1,0.2513460597161037,0,0.3280642653537185,0,1.5877986194207605e-07
Macrophage,20260904,FAH,dili_anchor,5,0.20239843367596666,0,0.30098471106504276,0,1.7055433620499698e-16
Macrophage,20260904,FBP1,dili_anchor,5,0.3360254527655409,0,0.3160145115314848,0,1.2305522712552326e-16
Macrophage,20260904,FGFR1,drug_target,8,0.32026431718061676,0,0.2675563617517491,0,1.2732956355308954e-16
Macrophage,20260904,FLT1,drug_target,8,0.17577092511013215,0,0.3004664420834413,0,1.576882651911576e-16
Macrophage,20260904,FLT3,drug_target,2,0.3275330396475771,0,0.3512568022803835,0,4.1616833054592987e-10
Macrophage,20260904,GSTA1,dili_anchor,7,0.23250122369065102,0,0.2658719875615444,0,1.811860410132185e-16
Macrophage,20260904,HPD,dili_anchor,7,0.34899657366617715,0,0.32275200829230366,0,1.4680587109938406e-16
Macrophage,20260904,JAK1,drug_target,2,0.31850220264317175,0,0.29917076962943767,0,9.388008131471362e-09
Macrophage,20260904,KDR,drug_target,7,0.32136563876651975,0,0.31951282715729457,0,1.502137753380901e-16
Macrophage,20260904,KDR+FLT1+FGFR1,canonical_poly_target,6,0.32048458149779735,0,0.2349054159108577,0,1.3560929286784582e-16
Macrophage,20260904,LRRK2,drug_target,2,0.28612334801762107,0,0.3184762891940917,0,7.861312315331627e-08
Macrophage,20260904,LYN,drug_target,8,0.2715859030837004,0,0.2667789582793469,0,1.2541831201560004e-16
Macrophage,20260904,PCK2,dili_anchor,6,0.342143906020558,0,0.374319771961648,0,1.4305822280868214e-16
Macrophage,20260904,TYK2,drug_target,8,0.31784140969162994,0,0.2980046644208344,0,1.3000128921179376e-16
Macrophage,20260911,ABL1,drug_target,2,0.13995584988962467,0,0.23477470458382022,0,4.822216300691572e-09
Macrophage,20260911,ACO1,dili_anchor,13,0.2793720873191071,0,0.3333333333333333,0,1.8569369159466915e-16
Macrophage,20260911,ALDOB,dili_anchor,4,0.2891832229580574,0,0.2939877937930139,0,1.9540163192335163e-16
Macrophage,20260911,ASS1,dili_anchor,2,0.11650723571253369,0,0.21828333982599657,0,9.267912318570514e-10
Macrophage,20260911,AXL,drug_target,3,0.14370860927152312,0,0.22412673678743017,0,5.7262415386672714e-08
Macrophage,20260911,CDK4,drug_target,4,0.376158940397351,0,0.37943124269575385,1,1.9557774292498607e-16
Macrophage,20260911,CES1,dili_anchor,8,0.2985038018150601,0,0.25965783664459163,0,1.6341713043952739e-16
Macrophage,20260911,CPS1,dili_anchor,4,0.33406916850625457,0,0.3165822620438904,1,1.9452827713580914e-16
Macrophage,20260911,FAH,dili_anchor,5,0.31052244297277404,0,0.35579794831840017,1,2.271148223258218e-16
Macrophage,20260911,FBP1,dili_anchor,0,0.14373313711062052,0,0.2319179327360083,0,1.9148803989922193e-10
Macrophage,20260911,FLT1,drug_target,3,0.34172185430463575,0,0.3606025191533566,1,2.716631720058345e-16
Macrophage,20260911,FLT3,drug_target,7,0.15033112582781452,0,0.23750162316582255,0,1.4499743925769462e-09
Macrophage,20260911,FLT4,drug_target,5,0.33620309050772623,0,0.3208674198156083,0,1.655861682105628e-16
Macrophage,20260911,GSTA1,dili_anchor,5,0.2781456953642384,0,0.34930528502791847,0,2.0917608758620592e-16
Macrophage,20260911,HPD,dili_anchor,4,0.13882756929114543,0,0.22542526944552654,0,1.2026837944998765e-09
Macrophage,20260911,JAK1,drug_target,5,0.2754966887417218,0,0.3769640306453707,0,2.3566668504731425e-16
Macrophage,20260911,KDR,drug_target,4,0.2706401766004415,0,0.345539540319439,1,2.009496472086432e-16
Macrophage,20260911,KDR+FLT1+FLT4,canonical_poly_target,13,0.19183222958057392,0,0.314244903259317,0,1.814272428653033e-16
Macrophage,20260911,LRRK2,drug_target,3,0.16335540838852092,0,0.2445136995195429,1,1.6727632299046956e-09
Macrophage,20260911,LYN,drug_target,5,0.32163355408388516,0,0.3785222698350863,0,2.4122080101743084e-16
Macrophage,20260911,PCK2,dili_anchor,5,0.25067451557517784,0,0.327749642903519,1,1.7959123572925647e-16
Macrophage,20260911,TYK2,drug_target,6,0.44238410596026484,0,0.36878327489936374,0,2.040292505222533e-16
Macrophage,20260918,ABL1,drug_target,5,0.3645374449339207,2,0.3160145115314848,0,1.537068057273333e-16
Macrophage,20260918,ACO1,dili_anchor,5,0.28928046989720996,0,0.20938066856698623,0,9.97275544550558e-10
Macrophage,20260918,ALDOB,dili_anchor,5,0.29197258932941744,1,0.20834413060378337,0,7.607650761044836e-08
Macrophage,20260918,ASS1,dili_anchor,5,0.32648066568771417,2,0.203938844260171,0,1.6684430311692263e-08
Macrophage,20260918,AXL,drug_target,0,0.26718061674008803,0,0.21106504275719093,0,1.0846552005474275e-07
Macrophage,20260918,CDK4,drug_target,4,0.3621145374449339,0,0.21974604819901528,0,5.3867495365066974e-09
Macrophage,20260918,CES1,dili_anchor,6,0.3198727361722956,1,0.22095264317180616,0,1.9354636757028576e-09
Macrophage,20260918,CPS1,dili_anchor,6,0.513950073421439,2,0.2980046644208344,0,1.9022224380950159e-16
Macrophage,20260918,FAH,dili_anchor,6,0.44615761135584925,2,0.31445970458668043,0,1.7241173430286728e-16
Macrophage,20260918,FBP1,dili_anchor,7,0.473568281938326,2,0.29930033687483804,0,1.611522598598881e-16
Macrophage,20260918,FLT1,drug_target,8,0.364977973568282,2,0.2188390774812127,0,1.6424326447660347e-16
Macrophage,20260918,FLT3,drug_target,0,0.2988986784140969,0,0.22920445711324175,0,1.4128374247684234e-09
Macrophage,20260918,FLT4,drug_target,8,0.4524229074889868,2,0.3407618554029541,0,2.4800943183562925e-16
Macrophage,20260918,GSTA1,dili_anchor,10,0.46744982868330875,2,0.2895827934698108,0,1.751050619655088e-16
Macrophage,20260918,HPD,dili_anchor,4,0.28120411160058734,1,0.2220782586162218,0,1.5022368948946174e-07
Macrophage,20260918,JAK1,drug_target,7,0.5674008810572687,3,0.36136304742161185,0,1.8396088538481835e-16
Macrophage,20260918,KDR,drug_target,11,0.5997797356828194,2,0.44791396734905414,0,2.323377174270118e-16
Macrophage,20260918,KDR+FLT1+FLT4,canonical_poly_target,7,0.4167400881057269,2,0.2847888053899974,0,1.328782542252917e-16
Macrophage,20260918,LRRK2,drug_target,6,0.4828193832599118,2,0.33700440528634357,0,2.111342146623028e-16
Macrophage,20260918,LYN,drug_target,8,0.5077092511013215,2,0.32301114278310433,0,2.006099280848604e-16
Macrophage,20260918,PCK2,dili_anchor,11,0.5893294175232501,2,0.31096138896087067,0,2.338305702509845e-16
Macrophage,20260918,TYK2,drug_target,6,0.45550660792951536,2,0.2906193314330137,0,1.684582243777051e-16
