compartment,ko_label,ko_class,n_seeds,median_dili_anchor_percentile,min_dili_anchor_percentile,max_dili_anchor_percentile,median_mechanism_percentile,median_n_q_lt_0_05
Endothelial,ABL1,drug_target,3,0.2478070175438596,0.24179431072210064,0.2879120879120879,0.24561403508771928,9.0
Endothelial,ACO1,dili_anchor,3,0.27863247863247864,0.2404570872842207,0.3016569200779726,0.2819917440660475,9.0
Endothelial,ALDOB,dili_anchor,3,0.2433746656941405,0.18445419103313837,0.2627594627594627,0.2804522246535375,7.0
Endothelial,ASS1,dili_anchor,3,0.287381473377097,0.24761904761904757,0.3574561403508772,0.2552881108679796,10.0
Endothelial,CDK4,drug_target,3,0.1971553610503282,0.16439560439560436,0.2855263157894737,0.23232714138286892,9.0
Endothelial,CES1,dili_anchor,3,0.19353270119134447,0.18144078144078143,0.19371345029239762,0.2552197802197802,0.0
Endothelial,CPS1,dili_anchor,3,0.19030214424951264,0.15921855921855918,0.20957938244590318,0.27947969851689763,1.0
Endothelial,FBP1,dili_anchor,3,0.23635477582846004,0.20520301483102357,0.27838827838827834,0.29527863777089786,10.0
Endothelial,FGFR1,drug_target,3,0.3591208791208791,0.10568927789934353,0.37236842105263157,0.31553147574819396,7.0
Endothelial,FGFR3,drug_target,3,0.2971428571428571,0.2699561403508771,0.29759299781181614,0.3294432287867737,9.0
Endothelial,FLT1,drug_target,3,0.19956043956043953,0.14595185995623627,0.23574561403508767,0.201625386996904,0.0
Endothelial,FLT4,drug_target,3,0.21670329670329663,0.12997811816192556,0.3734649122807017,0.1851135190918472,6.0
Endothelial,GSTA1,dili_anchor,3,0.31067251461988304,0.16994894237782637,0.35482295482295484,0.3135964912280701,6.0
Endothelial,HPD,dili_anchor,3,0.30238791423001943,0.224410406029662,0.3162393162393162,0.22110423116615066,11.0
Endothelial,JAK1,drug_target,3,0.19054945054945055,0.1256017505470459,0.34035087719298246,0.3123065015479876,3.0
Endothelial,KDR,drug_target,3,0.18109890109890106,0.1382932166301969,0.2587719298245614,0.19736842105263155,1.0
Endothelial,KDR+FLT1+FLT4+FGFR1+FGFR3+PDGFRA,canonical_poly_target,3,0.21010989010989006,0.1282275711159737,0.21118421052631575,0.20923632610939108,3.0
Endothelial,LRRK2,drug_target,3,0.24100877192982448,0.1752735229759299,0.3312087912087912,0.2811816192560175,10.0
Endothelial,LYN,drug_target,3,0.16879120879120876,0.1520787746170678,0.22872807017543853,0.2352941176470588,2.0
Endothelial,OTC,dili_anchor,3,0.25836385836385833,0.08995866763919275,0.2590155945419103,0.30417956656346745,9.0
Endothelial,PCK2,dili_anchor,3,0.29054218332117676,0.23296703296703292,0.29848927875243664,0.2840991976659372,7.0
Endothelial,PDGFRA,drug_target,3,0.21384615384615385,0.1547045951859956,0.2219298245614035,0.28805469556243546,4.0
Endothelial,TYK2,drug_target,3,0.29846491228070177,0.2448577680525164,0.29868131868131864,0.2645271091660588,6.0
Hepatocyte,ABL1,drug_target,3,0.5002513826043237,0.4215653342290896,0.5954790823211877,0.3778535568816899,6.0
Hepatocyte,ACO1,dili_anchor,3,0.5317982456140351,0.40866084425036386,0.6014887436456063,0.33380695273278393,7.0
Hepatocyte,ALDOB,dili_anchor,3,0.42120551924473487,0.39628820960698685,0.4683845029239766,0.2776356919579426,0.0
Hepatocyte,ASS1,dili_anchor,3,0.48583877995642705,0.4308588064046579,0.6027046783625731,0.30065359477124176,1.0
Hepatocyte,CDK4,drug_target,3,0.48313090418353577,0.482700705408129,0.5175129881012234,0.3614243943191311,8.0
Hepatocyte,CES1,dili_anchor,3,0.44680464778504,0.3304221251819504,0.5349049707602339,0.2654605263157895,0.0
Hepatocyte,CPS1,dili_anchor,3,0.40994916485112554,0.40047307132459964,0.47039473684210514,0.285609857978279,0.0
Hepatocyte,DMGDH,dili_anchor,3,0.4352256186317321,0.4259259259259258,0.5244883040935672,0.311073221559155,4.0
Hepatocyte,FAH,dili_anchor,3,0.5367324561403508,0.45942503639010196,0.5442992011619463,0.344218720334156,11.0
Hepatocyte,FBP1,dili_anchor,3,0.49092229484386346,0.4062954876273653,0.5409356725146198,0.32121971595655796,1.0
Hepatocyte,FGFR2,drug_target,3,0.46929824561403505,0.4136714813570708,0.48600636835930955,0.341763758643554,12.0
Hepatocyte,FGFR3,drug_target,3,0.4389338731443995,0.35740678535438364,0.46489022959611187,0.34934497816593885,10.0
Hepatocyte,FGFR4,drug_target,3,0.45213301981860937,0.4298642533936651,0.47334682860998645,0.36633757357129293,6.0
Hepatocyte,FLT1,drug_target,3,0.4855559287873698,0.4757085020242915,0.5346070051952404,0.3577720943449844,9.0
Hepatocyte,GSTA1,dili_anchor,3,0.45933188090050825,0.4281295487627365,0.5297880116959064,0.30680868838763575,0.0
Hepatocyte,HPD,dili_anchor,3,0.5339912280701755,0.4079330422125182,0.5844226579520697,0.2967533700398708,0.0
Hepatocyte,JAK1,drug_target,3,0.558535762483131,0.4559959690964057,0.6297972180325122,0.3343776106934002,8.0
Hepatocyte,KDR,drug_target,3,0.44293614881850174,0.43029895868323814,0.5546558704453441,0.34043762432509234,9.0
Hepatocyte,KDR+FLT1+FGFR2+FGFR3,canonical_poly_target,3,0.48438024857238826,0.45701357466063336,0.48566126855600544,0.34203531422061895,5.0
Hepatocyte,LECT2,dili_anchor,3,0.47270742358078605,0.46169208424110386,0.5135233918128655,0.30649540517961565,1.0
Hepatocyte,LYN,drug_target,3,0.46356275303643724,0.3869667450453476,0.494218200100553,0.3703007518796992,4.0
Hepatocyte,MET,drug_target,3,0.5247975708502024,0.44306348673160895,0.5421484833249539,0.38345864661654133,7.0
Hepatocyte,OTC,dili_anchor,3,0.5283260233918128,0.4936317321688501,0.5831517792302107,0.31286549707602335,0.0
Hepatocyte,PCK2,dili_anchor,3,0.4201161946259984,0.4082969432314411,0.5109649122807017,0.28707184628237253,0.0
Hepatocyte,TYK2,drug_target,3,0.5057817998994468,0.41266375545851525,0.557523616734143,0.3692804252895387,7.0
Macrophage,ABL1,drug_target,3,0.2993392070484582,0.13995584988962467,0.3645374449339207,0.3160145115314848,2.0
Macrophage,ACO1,dili_anchor,3,0.2793720873191071,0.25795398923152224,0.28928046989720996,0.31381186835967867,5.0
Macrophage,ALDOB,dili_anchor,3,0.2891832229580574,0.27435144395496813,0.29197258932941744,0.2939877937930139,4.0
Macrophage,ASS1,dili_anchor,3,0.24204601076847773,0.11650723571253369,0.32648066568771417,0.21828333982599657,2.0
Macrophage,AXL,drug_target,3,0.26718061674008803,0.14370860927152312,0.30616740088105726,0.22412673678743017,0.0
Macrophage,CDK4,drug_target,3,0.3621145374449339,0.29405286343612336,0.376158940397351,0.3276755636175175,4.0
Macrophage,CES1,dili_anchor,3,0.3198727361722956,0.2985038018150601,0.3499755261869799,0.25965783664459163,6.0
Macrophage,CPS1,dili_anchor,3,0.33406916850625457,0.2513460597161037,0.513950073421439,0.3165822620438904,4.0
Macrophage,FAH,dili_anchor,3,0.31052244297277404,0.20239843367596666,0.44615761135584925,0.31445970458668043,5.0
Macrophage,FBP1,dili_anchor,3,0.3360254527655409,0.14373313711062052,0.473568281938326,0.29930033687483804,5.0
Macrophage,FGFR1,drug_target,1,0.32026431718061676,0.32026431718061676,0.32026431718061676,0.2675563617517491,8.0
Macrophage,FLT1,drug_target,3,0.34172185430463575,0.17577092511013215,0.364977973568282,0.3004664420834413,8.0
Macrophage,FLT3,drug_target,3,0.2988986784140969,0.15033112582781452,0.3275330396475771,0.23750162316582255,2.0
Macrophage,FLT4,drug_target,2,0.3943129989983565,0.33620309050772623,0.4524229074889868,0.3308146376092812,6.5
Macrophage,GSTA1,dili_anchor,3,0.2781456953642384,0.23250122369065102,0.46744982868330875,0.2895827934698108,7.0
Macrophage,HPD,dili_anchor,3,0.28120411160058734,0.13882756929114543,0.34899657366617715,0.22542526944552654,4.0
Macrophage,JAK1,drug_target,3,0.31850220264317175,0.2754966887417218,0.5674008810572687,0.36136304742161185,5.0
Macrophage,KDR,drug_target,3,0.32136563876651975,0.2706401766004415,0.5997797356828194,0.345539540319439,7.0
Macrophage,KDR+FLT1+FGFR1,canonical_poly_target,1,0.32048458149779735,0.32048458149779735,0.32048458149779735,0.2349054159108577,6.0
Macrophage,KDR+FLT1+FLT4,canonical_poly_target,2,0.3042861588431504,0.19183222958057392,0.4167400881057269,0.2995168543246572,10.0
Macrophage,LRRK2,drug_target,3,0.28612334801762107,0.16335540838852092,0.4828193832599118,0.3184762891940917,3.0
Macrophage,LYN,drug_target,3,0.32163355408388516,0.2715859030837004,0.5077092511013215,0.32301114278310433,8.0
Macrophage,PCK2,dili_anchor,3,0.342143906020558,0.25067451557517784,0.5893294175232501,0.327749642903519,6.0
Macrophage,TYK2,drug_target,3,0.44238410596026484,0.31784140969162994,0.45550660792951536,0.2980046644208344,6.0
