compartment,seed,ko_label,ko_class,n_cells,n_genes_input,n_genes_after_qc,n_donors,network_seconds,ko_seconds
Hepatocyte,20260904,KDR,drug_target,283,458,456,5,5.872289715000079,0.21020553399284836
Hepatocyte,20260904,FLT1,drug_target,283,458,456,5,5.872289715000079,0.22541829900001176
Hepatocyte,20260904,FGFR2,drug_target,283,458,456,5,5.872289715000079,0.3353444060048787
Hepatocyte,20260904,FGFR3,drug_target,283,458,456,5,5.872289715000079,0.2453009330056375
Hepatocyte,20260904,JAK1,drug_target,283,458,456,5,5.872289715000079,0.3364890039956663
Hepatocyte,20260904,ABL1,drug_target,283,458,456,5,5.872289715000079,0.24512481200508773
Hepatocyte,20260904,TYK2,drug_target,283,458,456,5,5.872289715000079,0.25738668099802453
Hepatocyte,20260904,LYN,drug_target,283,458,456,5,5.872289715000079,0.2535997369996039
Hepatocyte,20260904,CDK4,drug_target,283,458,456,5,5.872289715000079,0.37179531100264285
Hepatocyte,20260904,MET,drug_target,283,458,456,5,5.872289715000079,0.27202181199390907
Hepatocyte,20260904,FGFR4,drug_target,283,458,456,5,5.872289715000079,0.30651684598706197
Hepatocyte,20260904,ACO1,dili_anchor,283,458,456,5,5.872289715000079,0.26988952899409924
Hepatocyte,20260904,ASS1,dili_anchor,283,458,456,5,5.872289715000079,0.23437938799906988
Hepatocyte,20260904,FAH,dili_anchor,283,458,456,5,5.872289715000079,0.20316024500061758
Hepatocyte,20260904,CPS1,dili_anchor,283,458,456,5,5.872289715000079,0.2161998639930971
Hepatocyte,20260904,ALDOB,dili_anchor,283,458,456,5,5.872289715000079,0.26173335999192204
Hepatocyte,20260904,HPD,dili_anchor,283,458,456,5,5.872289715000079,0.20215033300337382
Hepatocyte,20260904,OTC,dili_anchor,283,458,456,5,5.872289715000079,0.31754627800546587
Hepatocyte,20260904,DMGDH,dili_anchor,283,458,456,5,5.872289715000079,0.3300267820013687
Hepatocyte,20260904,GSTA1,dili_anchor,283,458,456,5,5.872289715000079,0.40933344699442387
Hepatocyte,20260904,FBP1,dili_anchor,283,458,456,5,5.872289715000079,0.20164922000549268
Hepatocyte,20260904,PCK2,dili_anchor,283,458,456,5,5.872289715000079,0.2491169809945859
Hepatocyte,20260904,CES1,dili_anchor,283,458,456,5,5.872289715000079,0.41162960199289955
Hepatocyte,20260904,LECT2,dili_anchor,283,458,456,5,5.872289715000079,0.21019938400422689
Hepatocyte,20260904,KDR+FLT1+FGFR2+FGFR3,canonical_poly_target,283,458,456,5,5.872289715000079,0.2514351239951793
Hepatocyte,20260911,KDR,drug_target,283,458,458,5,5.551114387009875,0.2520121069974266
Hepatocyte,20260911,FLT1,drug_target,283,458,458,5,5.551114387009875,0.3360294409940252
Hepatocyte,20260911,FGFR2,drug_target,283,458,458,5,5.551114387009875,0.33432369799993467
Hepatocyte,20260911,FGFR3,drug_target,283,458,458,5,5.551114387009875,0.2855124990019249
Hepatocyte,20260911,JAK1,drug_target,283,458,458,5,5.551114387009875,0.2878429109987337
Hepatocyte,20260911,ABL1,drug_target,283,458,458,5,5.551114387009875,0.3231732260028366
Hepatocyte,20260911,TYK2,drug_target,283,458,458,5,5.551114387009875,0.2981197990011424
Hepatocyte,20260911,LYN,drug_target,283,458,458,5,5.551114387009875,0.581074328001705
Hepatocyte,20260911,CDK4,drug_target,283,458,458,5,5.551114387009875,0.3778456270083552
Hepatocyte,20260911,MET,drug_target,283,458,458,5,5.551114387009875,0.35262883600080386
Hepatocyte,20260911,FGFR4,drug_target,283,458,458,5,5.551114387009875,0.30432889799703844
Hepatocyte,20260911,ACO1,dili_anchor,283,458,458,5,5.551114387009875,0.46953589300392196
Hepatocyte,20260911,ASS1,dili_anchor,283,458,458,5,5.551114387009875,0.3275956709985621
Hepatocyte,20260911,FAH,dili_anchor,283,458,458,5,5.551114387009875,0.4548928110016277
Hepatocyte,20260911,CPS1,dili_anchor,283,458,458,5,5.551114387009875,0.5122375920036575
Hepatocyte,20260911,ALDOB,dili_anchor,283,458,458,5,5.551114387009875,0.4295356140064541
Hepatocyte,20260911,HPD,dili_anchor,283,458,458,5,5.551114387009875,0.32934460500837304
Hepatocyte,20260911,OTC,dili_anchor,283,458,458,5,5.551114387009875,0.3261713089887053
Hepatocyte,20260911,DMGDH,dili_anchor,283,458,458,5,5.551114387009875,0.32746337799471803
Hepatocyte,20260911,GSTA1,dili_anchor,283,458,458,5,5.551114387009875,0.40198523899016436
Hepatocyte,20260911,FBP1,dili_anchor,283,458,458,5,5.551114387009875,0.32064282600185834
Hepatocyte,20260911,PCK2,dili_anchor,283,458,458,5,5.551114387009875,0.38833237199287396
Hepatocyte,20260911,CES1,dili_anchor,283,458,458,5,5.551114387009875,0.35245649400167167
Hepatocyte,20260911,LECT2,dili_anchor,283,458,458,5,5.551114387009875,0.41301465401193127
Hepatocyte,20260911,KDR+FLT1+FGFR2+FGFR3,canonical_poly_target,283,458,458,5,5.551114387009875,0.3226391440111911
Hepatocyte,20260918,KDR,drug_target,283,459,459,5,6.094777681995765,0.447249501987244
Hepatocyte,20260918,FLT1,drug_target,283,459,459,5,6.094777681995765,0.7214479450049112
Hepatocyte,20260918,FGFR2,drug_target,283,459,459,5,6.094777681995765,0.4000430960004451
Hepatocyte,20260918,FGFR3,drug_target,283,459,459,5,6.094777681995765,0.5703253230021801
Hepatocyte,20260918,JAK1,drug_target,283,459,459,5,6.094777681995765,0.4418870049994439
Hepatocyte,20260918,ABL1,drug_target,283,459,459,5,6.094777681995765,0.5294621989887673
Hepatocyte,20260918,TYK2,drug_target,283,459,459,5,6.094777681995765,0.5854765450058039
Hepatocyte,20260918,LYN,drug_target,283,459,459,5,6.094777681995765,0.5745353140082443
Hepatocyte,20260918,CDK4,drug_target,283,459,459,5,6.094777681995765,0.4042066639958648
Hepatocyte,20260918,MET,drug_target,283,459,459,5,6.094777681995765,0.6310345420060912
Hepatocyte,20260918,FGFR4,drug_target,283,459,459,5,6.094777681995765,0.7398995199910132
Hepatocyte,20260918,ACO1,dili_anchor,283,459,459,5,6.094777681995765,0.5979153419903014
Hepatocyte,20260918,ASS1,dili_anchor,283,459,459,5,6.094777681995765,0.4646395309973741
Hepatocyte,20260918,FAH,dili_anchor,283,459,459,5,6.094777681995765,0.5450090399972396
Hepatocyte,20260918,CPS1,dili_anchor,283,459,459,5,6.094777681995765,0.7895664129900979
Hepatocyte,20260918,ALDOB,dili_anchor,283,459,459,5,6.094777681995765,0.4951363370055333
Hepatocyte,20260918,HPD,dili_anchor,283,459,459,5,6.094777681995765,0.4790134849899914
Hepatocyte,20260918,OTC,dili_anchor,283,459,459,5,6.094777681995765,0.5647109140118118
Hepatocyte,20260918,DMGDH,dili_anchor,283,459,459,5,6.094777681995765,0.5322143140074331
Hepatocyte,20260918,GSTA1,dili_anchor,283,459,459,5,6.094777681995765,0.6889448150031967
Hepatocyte,20260918,FBP1,dili_anchor,283,459,459,5,6.094777681995765,0.5495662439934677
Hepatocyte,20260918,PCK2,dili_anchor,283,459,459,5,6.094777681995765,0.5239460379962111
Hepatocyte,20260918,CES1,dili_anchor,283,459,459,5,6.094777681995765,0.41451486299047247
Hepatocyte,20260918,LECT2,dili_anchor,283,459,459,5,6.094777681995765,0.4210233999910997
Hepatocyte,20260918,KDR+FLT1+FGFR2+FGFR3,canonical_poly_target,283,459,459,5,6.094777681995765,0.6114682000043103
Endothelial,20260904,KDR,drug_target,300,460,457,5,6.437570947004133,0.2863048899889691
Endothelial,20260904,FLT1,drug_target,300,460,457,5,6.437570947004133,0.3773105250002118
Endothelial,20260904,FLT4,drug_target,300,460,457,5,6.437570947004133,0.4689959630049998
Endothelial,20260904,FGFR1,drug_target,300,460,457,5,6.437570947004133,0.3080940939980792
Endothelial,20260904,FGFR3,drug_target,300,460,457,5,6.437570947004133,0.7132436519896146
Endothelial,20260904,PDGFRA,drug_target,300,460,457,5,6.437570947004133,0.6455500390002271
Endothelial,20260904,JAK1,drug_target,300,460,457,5,6.437570947004133,0.4503875990048982
Endothelial,20260904,ABL1,drug_target,300,460,457,5,6.437570947004133,0.3473705560027156
Endothelial,20260904,LRRK2,drug_target,300,460,457,5,6.437570947004133,0.31461992699769326
Endothelial,20260904,TYK2,drug_target,300,460,457,5,6.437570947004133,0.35133834699809086
Endothelial,20260904,LYN,drug_target,300,460,457,5,6.437570947004133,0.5102485499955947
Endothelial,20260904,CDK4,drug_target,300,460,457,5,6.437570947004133,0.8771267510019243
Endothelial,20260904,ACO1,dili_anchor,300,460,457,5,6.437570947004133,0.47376481199171394
Endothelial,20260904,ASS1,dili_anchor,300,460,457,5,6.437570947004133,0.33142188999045175
Endothelial,20260904,CPS1,dili_anchor,300,460,457,5,6.437570947004133,0.3677547359984601
Endothelial,20260904,ALDOB,dili_anchor,300,460,457,5,6.437570947004133,0.4006380570062902
Endothelial,20260904,HPD,dili_anchor,300,460,457,5,6.437570947004133,0.33168767199094873
Endothelial,20260904,OTC,dili_anchor,300,460,457,5,6.437570947004133,0.4912168830051087
Endothelial,20260904,GSTA1,dili_anchor,300,460,457,5,6.437570947004133,0.41713772699586116
Endothelial,20260904,FBP1,dili_anchor,300,460,457,5,6.437570947004133,0.45402413098781835
Endothelial,20260904,PCK2,dili_anchor,300,460,457,5,6.437570947004133,0.8259501169959549
Endothelial,20260904,CES1,dili_anchor,300,460,457,5,6.437570947004133,0.3772714270016877
Endothelial,20260904,KDR+FLT1+FLT4+FGFR1+FGFR3+PDGFRA,canonical_poly_target,300,460,457,5,6.437570947004133,0.35038666499895044
Endothelial,20260911,KDR,drug_target,300,460,456,5,6.972731120011304,0.22823568499006797
Endothelial,20260911,FLT1,drug_target,300,460,456,5,6.972731120011304,0.27371011300419923
Endothelial,20260911,FLT4,drug_target,300,460,456,5,6.972731120011304,0.28836235898779705
Endothelial,20260911,FGFR1,drug_target,300,460,456,5,6.972731120011304,0.26265827799215913
Endothelial,20260911,FGFR3,drug_target,300,460,456,5,6.972731120011304,0.3159134699963033
Endothelial,20260911,PDGFRA,drug_target,300,460,456,5,6.972731120011304,0.2660382570029469
Endothelial,20260911,JAK1,drug_target,300,460,456,5,6.972731120011304,0.266440874998807
Endothelial,20260911,ABL1,drug_target,300,460,456,5,6.972731120011304,0.2633704250038136
Endothelial,20260911,LRRK2,drug_target,300,460,456,5,6.972731120011304,0.3663128729967866
Endothelial,20260911,TYK2,drug_target,300,460,456,5,6.972731120011304,0.28540131500631105
Endothelial,20260911,LYN,drug_target,300,460,456,5,6.972731120011304,0.3224225989979459
Endothelial,20260911,CDK4,drug_target,300,460,456,5,6.972731120011304,0.37405856800614856
Endothelial,20260911,ACO1,dili_anchor,300,460,456,5,6.972731120011304,0.2635091359989019
Endothelial,20260911,ASS1,dili_anchor,300,460,456,5,6.972731120011304,0.26467468800547067
Endothelial,20260911,CPS1,dili_anchor,300,460,456,5,6.972731120011304,0.34899404700263403
Endothelial,20260911,ALDOB,dili_anchor,300,460,456,5,6.972731120011304,0.35174027699395083
Endothelial,20260911,HPD,dili_anchor,300,460,456,5,6.972731120011304,0.3844945379969431
Endothelial,20260911,OTC,dili_anchor,300,460,456,5,6.972731120011304,0.3032056069932878
Endothelial,20260911,GSTA1,dili_anchor,300,460,456,5,6.972731120011304,0.31960243900539353
Endothelial,20260911,FBP1,dili_anchor,300,460,456,5,6.972731120011304,0.26508614100748673
Endothelial,20260911,PCK2,dili_anchor,300,460,456,5,6.972731120011304,0.29295269900467247
Endothelial,20260911,CES1,dili_anchor,300,460,456,5,6.972731120011304,0.2773110620037187
Endothelial,20260911,KDR+FLT1+FLT4+FGFR1+FGFR3+PDGFRA,canonical_poly_target,300,460,456,5,6.972731120011304,0.27102402500167955
Endothelial,20260918,KDR,drug_target,300,460,455,5,5.471409619000042,0.36865797599602956
Endothelial,20260918,FLT1,drug_target,300,460,455,5,5.471409619000042,0.23661759699461982
Endothelial,20260918,FLT4,drug_target,300,460,455,5,5.471409619000042,0.27536046599561814
Endothelial,20260918,FGFR1,drug_target,300,460,455,5,5.471409619000042,0.22895268099091481
Endothelial,20260918,FGFR3,drug_target,300,460,455,5,5.471409619000042,0.22886331600602716
Endothelial,20260918,PDGFRA,drug_target,300,460,455,5,5.471409619000042,0.24781342899950687
Endothelial,20260918,JAK1,drug_target,300,460,455,5,5.471409619000042,0.22638757398817688
Endothelial,20260918,ABL1,drug_target,300,460,455,5,5.471409619000042,0.23937492500408553
Endothelial,20260918,LRRK2,drug_target,300,460,455,5,5.471409619000042,0.2215780639962759
Endothelial,20260918,TYK2,drug_target,300,460,455,5,5.471409619000042,0.3438388950016815
Endothelial,20260918,LYN,drug_target,300,460,455,5,5.471409619000042,0.32083500099543016
Endothelial,20260918,CDK4,drug_target,300,460,455,5,5.471409619000042,0.3302796360076172
Endothelial,20260918,ACO1,dili_anchor,300,460,455,5,5.471409619000042,0.27595224500691984
Endothelial,20260918,ASS1,dili_anchor,300,460,455,5,5.471409619000042,0.28450943500502035
Endothelial,20260918,CPS1,dili_anchor,300,460,455,5,5.471409619000042,0.21501261100638658
Endothelial,20260918,ALDOB,dili_anchor,300,460,455,5,5.471409619000042,0.2757479819993023
Endothelial,20260918,HPD,dili_anchor,300,460,455,5,5.471409619000042,0.285482466002577
Endothelial,20260918,OTC,dili_anchor,300,460,455,5,5.471409619000042,0.32892016098776367
Endothelial,20260918,GSTA1,dili_anchor,300,460,455,5,5.471409619000042,0.3080932720040437
Endothelial,20260918,FBP1,dili_anchor,300,460,455,5,5.471409619000042,0.28752823699323926
Endothelial,20260918,PCK2,dili_anchor,300,460,455,5,5.471409619000042,0.27358891899348237
Endothelial,20260918,CES1,dili_anchor,300,460,455,5,5.471409619000042,0.2954199210071238
Endothelial,20260918,KDR+FLT1+FLT4+FGFR1+FGFR3+PDGFRA,canonical_poly_target,300,460,455,5,5.471409619000042,0.2524372830084758
Macrophage,20260904,KDR,drug_target,300,457,454,5,5.95339781299117,0.18847400500089861
Macrophage,20260904,FLT1,drug_target,300,457,454,5,5.95339781299117,0.26852305501233786
Macrophage,20260904,FGFR1,drug_target,300,457,454,5,5.95339781299117,0.24638576399593148
Macrophage,20260904,FLT3,drug_target,300,457,454,5,5.95339781299117,0.49050641398935113
Macrophage,20260904,JAK1,drug_target,300,457,454,5,5.95339781299117,0.25898315499944147
Macrophage,20260904,ABL1,drug_target,300,457,454,5,5.95339781299117,0.3276963060052367
Macrophage,20260904,AXL,drug_target,300,457,454,5,5.95339781299117,0.24224320698704105
Macrophage,20260904,LRRK2,drug_target,300,457,454,5,5.95339781299117,0.2739639639912639
Macrophage,20260904,TYK2,drug_target,300,457,454,5,5.95339781299117,0.2816569110000273
Macrophage,20260904,LYN,drug_target,300,457,454,5,5.95339781299117,0.30266409399337135
Macrophage,20260904,CDK4,drug_target,300,457,454,5,5.95339781299117,0.21874193400435615
Macrophage,20260904,ACO1,dili_anchor,300,457,454,5,5.95339781299117,0.2234241209953325
Macrophage,20260904,ASS1,dili_anchor,300,457,454,5,5.95339781299117,0.2561257899942575
Macrophage,20260904,FAH,dili_anchor,300,457,454,5,5.95339781299117,0.23881207399244886
Macrophage,20260904,CPS1,dili_anchor,300,457,454,5,5.95339781299117,0.20639713200216647
Macrophage,20260904,ALDOB,dili_anchor,300,457,454,5,5.95339781299117,0.19944636599393561
Macrophage,20260904,HPD,dili_anchor,300,457,454,5,5.95339781299117,0.24596741500135977
Macrophage,20260904,GSTA1,dili_anchor,300,457,454,5,5.95339781299117,0.2403433190047508
Macrophage,20260904,FBP1,dili_anchor,300,457,454,5,5.95339781299117,0.3370882099989103
Macrophage,20260904,PCK2,dili_anchor,300,457,454,5,5.95339781299117,0.2593483310047304
Macrophage,20260904,CES1,dili_anchor,300,457,454,5,5.95339781299117,0.3711099460051628
Macrophage,20260904,KDR+FLT1+FGFR1,canonical_poly_target,300,457,454,5,5.95339781299117,0.224564547999762
Macrophage,20260911,KDR,drug_target,300,457,453,5,5.692787895008223,0.21023538800363895
Macrophage,20260911,FLT1,drug_target,300,457,453,5,5.692787895008223,0.1860261609981535
Macrophage,20260911,FLT4,drug_target,300,457,453,5,5.692787895008223,0.21408456799690612
Macrophage,20260911,FLT3,drug_target,300,457,453,5,5.692787895008223,0.23985797900240868
Macrophage,20260911,JAK1,drug_target,300,457,453,5,5.692787895008223,0.2753435479971813
Macrophage,20260911,ABL1,drug_target,300,457,453,5,5.692787895008223,0.24089571299555246
Macrophage,20260911,AXL,drug_target,300,457,453,5,5.692787895008223,0.24958950099244248
Macrophage,20260911,LRRK2,drug_target,300,457,453,5,5.692787895008223,0.2250769370002672
Macrophage,20260911,TYK2,drug_target,300,457,453,5,5.692787895008223,0.2429057559929788
Macrophage,20260911,LYN,drug_target,300,457,453,5,5.692787895008223,0.37570448200858664
Macrophage,20260911,CDK4,drug_target,300,457,453,5,5.692787895008223,0.2828180750075262
Macrophage,20260911,ACO1,dili_anchor,300,457,453,5,5.692787895008223,0.2699651719885878
Macrophage,20260911,ASS1,dili_anchor,300,457,453,5,5.692787895008223,0.38535522599704564
Macrophage,20260911,FAH,dili_anchor,300,457,453,5,5.692787895008223,0.28597810100473
Macrophage,20260911,CPS1,dili_anchor,300,457,453,5,5.692787895008223,0.3092565409897361
Macrophage,20260911,ALDOB,dili_anchor,300,457,453,5,5.692787895008223,0.2636112280015368
Macrophage,20260911,HPD,dili_anchor,300,457,453,5,5.692787895008223,0.25538636499550194
Macrophage,20260911,GSTA1,dili_anchor,300,457,453,5,5.692787895008223,0.3619661879929481
Macrophage,20260911,FBP1,dili_anchor,300,457,453,5,5.692787895008223,0.4282201620080741
Macrophage,20260911,PCK2,dili_anchor,300,457,453,5,5.692787895008223,0.34824022599786986
Macrophage,20260911,CES1,dili_anchor,300,457,453,5,5.692787895008223,0.23564823099877685
Macrophage,20260911,KDR+FLT1+FLT4,canonical_poly_target,300,457,453,5,5.692787895008223,0.2605223330028821
Macrophage,20260918,KDR,drug_target,300,457,454,5,5.8766224029968726,0.17174750100821257
Macrophage,20260918,FLT1,drug_target,300,457,454,5,5.8766224029968726,0.2257495569938328
Macrophage,20260918,FLT4,drug_target,300,457,454,5,5.8766224029968726,0.21194898600515444
Macrophage,20260918,FLT3,drug_target,300,457,454,5,5.8766224029968726,0.19956155300315004
Macrophage,20260918,JAK1,drug_target,300,457,454,5,5.8766224029968726,0.2054722720058635
Macrophage,20260918,ABL1,drug_target,300,457,454,5,5.8766224029968726,0.2155479969951557
Macrophage,20260918,AXL,drug_target,300,457,454,5,5.8766224029968726,0.21481358700839337
Macrophage,20260918,LRRK2,drug_target,300,457,454,5,5.8766224029968726,0.20446535499650054
Macrophage,20260918,TYK2,drug_target,300,457,454,5,5.8766224029968726,0.2681725250004092
Macrophage,20260918,LYN,drug_target,300,457,454,5,5.8766224029968726,0.1931513890012866
Macrophage,20260918,CDK4,drug_target,300,457,454,5,5.8766224029968726,0.3239084069937235
Macrophage,20260918,ACO1,dili_anchor,300,457,454,5,5.8766224029968726,0.2206497230072273
Macrophage,20260918,ASS1,dili_anchor,300,457,454,5,5.8766224029968726,0.33049357200798113
Macrophage,20260918,FAH,dili_anchor,300,457,454,5,5.8766224029968726,0.21294347099319566
Macrophage,20260918,CPS1,dili_anchor,300,457,454,5,5.8766224029968726,0.2231168589933077
Macrophage,20260918,ALDOB,dili_anchor,300,457,454,5,5.8766224029968726,0.22169397299876437
Macrophage,20260918,HPD,dili_anchor,300,457,454,5,5.8766224029968726,0.2546911049867049
Macrophage,20260918,GSTA1,dili_anchor,300,457,454,5,5.8766224029968726,0.18782391199783888
Macrophage,20260918,FBP1,dili_anchor,300,457,454,5,5.8766224029968726,0.2176181370014092
Macrophage,20260918,PCK2,dili_anchor,300,457,454,5,5.8766224029968726,0.37575993899372406
Macrophage,20260918,CES1,dili_anchor,300,457,454,5,5.8766224029968726,0.32780318000004627
Macrophage,20260918,KDR+FLT1+FLT4,canonical_poly_target,300,457,454,5,5.8766224029968726,0.24945639200450387
