compound,target,status,rank_within_target,binding_confidence,optimization_score,structure_confidence,complex_plddt,complex_iplddt,iptm,ptm,boltz_logD,boltz_permeability_score,boltz_solubility_category,filter_reason,input_smiles,returned_smiles,input_inchikey,returned_smiles_identity_verified,engine,engine_version,pipeline,pipeline_version,job_id,result_id,result_structure_path,structure_sha256
nintedanib,PDGFRA,filtered,,,,,,,,,,,,Default provider structural-alert filter; individual rule not returned,COC(=O)c1ccc2c(c1)NC(=O)/C2=C(\Nc1ccc(N(C)C(=O)CN2CCN(C)CC2)cc1)c1ccccc1,,XZXHXSATPCNXJR-ZIADKAODSA-N,,boltzmol,1.0,boltzmol,1.0,sm_scr_yj8Mql4gJXVkMnpXutHZ,,,
imatinib,PDGFRA,scored,5,0.8044793605804443,0.44044217467308044,0.8206793665885925,0.80448317527771,0.8377373814582825,0.8854641914367676,0.8035913109779358,2.677849531173706,0.3937140703201294,medium-confidence,,Cc1ccc(NC(=O)c2ccc(CN3CCN(C)CC3)cc2)cc1Nc1nccc(-c2cccnc2)n1,Cc1ccc(NC(=O)c2ccc(CN3CCN(C)CC3)cc2)cc1Nc1nccc(-c2cccnc2)n1,KTUFNOKKBVMGRW-UHFFFAOYSA-N,True,boltzmol,1.0,boltzmol,1.0,sm_scr_yj8Mql4gJXVkMnpXutHZ,pres_El5PkTZ0qk9YvZ8V8XIZ,boltz-experiments/jcm-pdgfra-focused16-v1/results/pres_El5PkTZ0qk9YvZ8V8XIZ/files/result/pres_El5PkTZ0qk9YvZ8V8XIZ_predicted.cif,2a4f41a519532c801004371aef855f34a937820bda784e1b6bf884c9992bb7ea
crenolanib,PDGFRA,scored,1,0.9209288358688354,0.5842447280883789,0.7801226377487183,0.7511023879051208,0.8018826246261597,0.8962035179138184,0.7750226259231567,1.3544193506240845,0.34228768944740295,high-confidence,,CC1(COc2ccc3c(c2)ncn3-c2ccc3cccc(N4CCC(N)CC4)c3n2)COC1,CC1(COc2ccc3c(c2)ncn3-c2ccc3cccc(N4CCC(N)CC4)c3n2)COC1,DYNHJHQFHQTFTP-UHFFFAOYSA-N,True,boltzmol,1.0,boltzmol,1.0,sm_scr_yj8Mql4gJXVkMnpXutHZ,pres_80crRanIb53ERUg7mOlw,boltz-experiments/jcm-pdgfra-focused16-v1/results/pres_80crRanIb53ERUg7mOlw/files/result/pres_80crRanIb53ERUg7mOlw_predicted.cif,3137206db38f40a6ce4d78ffd88cada20372cdf04fadb3ffd14ca9bd6ca2eade
avapritinib,PDGFRA,scored,8,0.7825698852539062,0.6046159267425537,0.7729378938674927,0.744056224822998,0.7713090777397156,0.8884645700454712,0.7860626578330994,1.8379865884780884,0.5973021388053894,medium-confidence,,Cn1cc(-c2cc3c(N4CCN(c5ncc([C@@](C)(N)c6ccc(F)cc6)cn5)CC4)ncnn3c2)cn1,Cn1cc(-c2cc3c(N4CCN(c5ncc([C@@](C)(N)c6ccc(F)cc6)cn5)CC4)ncnn3c2)cn1,DWYRIWUZIJHQKQ-SANMLTNESA-N,True,boltzmol,1.0,boltzmol,1.0,sm_scr_yj8Mql4gJXVkMnpXutHZ,pres_7PlYQIXAigpNavXNNKIK,boltz-experiments/jcm-pdgfra-focused16-v1/results/pres_7PlYQIXAigpNavXNNKIK/files/result/pres_7PlYQIXAigpNavXNNKIK_predicted.cif,72a08f1bc8847d0aac2a9d8c91b9ad676d8bbb532216d25e3b5a03282ec6c8fd
ripretinib,PDGFRA,scored,2,0.8489325046539307,0.5929139256477356,0.8182569742202759,0.7969487309455872,0.8556139469146729,0.9034898281097412,0.7935909032821655,3.488535165786743,0.41531655192375183,high-risk,,CCn1c(=O)c(-c2cc(NC(=O)Nc3ccccc3)c(F)cc2Br)cc2cnc(NC)cc21,CCn1c(=O)c(-c2cc(NC(=O)Nc3ccccc3)c(F)cc2Br)cc2cnc(NC)cc21,CEFJVGZHQAGLHS-UHFFFAOYSA-N,True,boltzmol,1.0,boltzmol,1.0,sm_scr_yj8Mql4gJXVkMnpXutHZ,pres_7uqQf4lTnpbfFwZBWnhr,boltz-experiments/jcm-pdgfra-focused16-v1/results/pres_7uqQf4lTnpbfFwZBWnhr/files/result/pres_7uqQf4lTnpbfFwZBWnhr_predicted.cif,fa24c0c5194b7a19ecbbb75cc466fe9597bb384c998f112bd79566ab3654fbbc
axitinib,PDGFRA,scored,3,0.845274806022644,0.5122758150100708,0.8068807721138,0.7835367918014526,0.8326650857925415,0.9002565741539001,0.7784427404403687,3.8844878673553467,0.9737237691879272,high-risk,,CNC(=O)c1ccccc1Sc1ccc2c(/C=C/c3ccccn3)n[nH]c2c1,CNC(=O)c1ccccc1Sc1ccc2c(/C=C/c3ccccn3)n[nH]c2c1,RITAVMQDGBJQJZ-FMIVXFBMSA-N,True,boltzmol,1.0,boltzmol,1.0,sm_scr_yj8Mql4gJXVkMnpXutHZ,pres_bVqGzSXEGrSXlIoa0Itm,boltz-experiments/jcm-pdgfra-focused16-v1/results/pres_bVqGzSXEGrSXlIoa0Itm/files/result/pres_bVqGzSXEGrSXlIoa0Itm_predicted.cif,1766ead2a89a40feb3ac328a42db1189b2aab990775632ab2eda5386e6610ad1
tivozanib,PDGFRA,scored,4,0.8214894533157349,0.4945448637008667,0.8188676238059998,0.8020094633102417,0.8546561002731323,0.8862999081611633,0.7897506356239319,3.4446113109588623,0.6073079705238342,medium-confidence,,COc1cc2nccc(Oc3ccc(NC(=O)Nc4cc(C)on4)c(Cl)c3)c2cc1OC,COc1cc2nccc(Oc3ccc(NC(=O)Nc4cc(C)on4)c(Cl)c3)c2cc1OC,SPMVMDHWKHCIDT-UHFFFAOYSA-N,True,boltzmol,1.0,boltzmol,1.0,sm_scr_yj8Mql4gJXVkMnpXutHZ,pres_GKlqlRQrkDD0yhGJAae0,boltz-experiments/jcm-pdgfra-focused16-v1/results/pres_GKlqlRQrkDD0yhGJAae0/files/result/pres_GKlqlRQrkDD0yhGJAae0_predicted.cif,b247249e4ed240bfa26cdf2f5b5431bbb900eacea51fc0d85a6b161b8b444ced
lenvatinib,PDGFRA,scored,7,0.7958041429519653,0.5281084179878235,0.7964023947715759,0.7718292474746704,0.8256328701972961,0.8946950435638428,0.7826802730560303,2.631504535675049,0.5601917505264282,medium-confidence,,COc1cc2nccc(Oc3ccc(NC(=O)NC4CC4)c(Cl)c3)c2cc1C(N)=O,COc1cc2nccc(Oc3ccc(NC(=O)NC4CC4)c(Cl)c3)c2cc1C(N)=O,WOSKHXYHFSIKNG-UHFFFAOYSA-N,True,boltzmol,1.0,boltzmol,1.0,sm_scr_yj8Mql4gJXVkMnpXutHZ,pres_8NrPO00gVMmPKszml89J,boltz-experiments/jcm-pdgfra-focused16-v1/results/pres_8NrPO00gVMmPKszml89J/files/result/pres_8NrPO00gVMmPKszml89J_predicted.cif,7b1f1c41d8a8c614afd6f1bf3132b8d9af4d4e89ad73bcbc745a7f033bf29c87
sunitinib,PDGFRA,filtered,,,,,,,,,,,,Default provider structural-alert filter; individual rule not returned,CCN(CC)CCNC(=O)c1c(C)[nH]c(/C=C2\C(=O)Nc3ccc(F)cc32)c1C,,WINHZLLDWRZWRT-ATVHPVEESA-N,,boltzmol,1.0,boltzmol,1.0,sm_scr_yj8Mql4gJXVkMnpXutHZ,,,
pazopanib,PDGFRA,scored,9,0.7772282958030701,0.4564460515975952,0.7988492846488953,0.7770859599113464,0.824204683303833,0.8859027028083801,0.7773965001106262,3.0027079582214355,0.6421537399291992,medium-confidence,,Cc1ccc(Nc2nccc(N(C)c3ccc4c(C)n(C)nc4c3)n2)cc1S(N)(=O)=O,Cc1ccc(Nc2nccc(N(C)c3ccc4c(C)n(C)nc4c3)n2)cc1S(N)(=O)=O,CUIHSIWYWATEQL-UHFFFAOYSA-N,True,boltzmol,1.0,boltzmol,1.0,sm_scr_yj8Mql4gJXVkMnpXutHZ,pres_6PhMbD1RH1fxJUOPyb40,boltz-experiments/jcm-pdgfra-focused16-v1/results/pres_6PhMbD1RH1fxJUOPyb40/files/result/pres_6PhMbD1RH1fxJUOPyb40_predicted.cif,1684f7654ef60b04c78e7c51c3cd16f6b6785bb088eace444beff30c7f2b7933
sorafenib,PDGFRA,scored,6,0.8031231164932251,0.5723284482955933,0.824040412902832,0.8037840723991394,0.862622857093811,0.9050659537315369,0.7954531311988831,4.305112361907959,0.7565323114395142,high-risk,,CNC(=O)c1cc(Oc2ccc(NC(=O)Nc3ccc(Cl)c(C(F)(F)F)c3)cc2)ccn1,CNC(=O)c1cc(Oc2ccc(NC(=O)Nc3ccc(Cl)c(C(F)(F)F)c3)cc2)ccn1,MLDQJTXFUGDVEO-UHFFFAOYSA-N,True,boltzmol,1.0,boltzmol,1.0,sm_scr_yj8Mql4gJXVkMnpXutHZ,pres_gtMvUYQxepAJr4K29CyV,boltz-experiments/jcm-pdgfra-focused16-v1/results/pres_gtMvUYQxepAJr4K29CyV/files/result/pres_gtMvUYQxepAJr4K29CyV_predicted.cif,bd0d69f5e5fad3cbad4f7eeaae8f0c87ed0db4bf330ec348e42083e7a4c4501d
regorafenib,PDGFRA,scored,10,0.761186420917511,0.5601174235343933,0.8213947415351868,0.7987714409828186,0.8640707731246948,0.9118877053260803,0.8003890514373779,4.183915615081787,0.7739121913909912,high-risk,,CNC(=O)c1cc(Oc2ccc(NC(=O)Nc3ccc(Cl)c(C(F)(F)F)c3)c(F)c2)ccn1,CNC(=O)c1cc(Oc2ccc(NC(=O)Nc3ccc(Cl)c(C(F)(F)F)c3)c(F)c2)ccn1,FNHKPVJBJVTLMP-UHFFFAOYSA-N,True,boltzmol,1.0,boltzmol,1.0,sm_scr_yj8Mql4gJXVkMnpXutHZ,pres_jzt5P5QQVBmXrrWJt2aA,boltz-experiments/jcm-pdgfra-focused16-v1/results/pres_jzt5P5QQVBmXrrWJt2aA/files/result/pres_jzt5P5QQVBmXrrWJt2aA_predicted.cif,3716cc7e10bc9d7c97ff0d9b6a91fcbed116715de1f78c79b2d82a1a2ec3b0bf
ponatinib,PDGFRA,filtered,,,,,,,,,,,,Default provider structural-alert filter; individual rule not returned,Cc1ccc(C(=O)Nc2ccc(CN3CCN(C)CC3)c(C(F)(F)F)c2)cc1C#Cc1cnc2cccnn12,,PHXJVRSECIGDHY-UHFFFAOYSA-N,,boltzmol,1.0,boltzmol,1.0,sm_scr_yj8Mql4gJXVkMnpXutHZ,,,
MAZ51,PDGFRA,filtered,,,,,,,,,,,,Default provider structural-alert filter; individual rule not returned,CN(C)c1ccc(/C=C2\C(=O)Nc3ccccc32)c2ccccc12,,VFCXONOPGCDDBQ-AQTBWJFISA-N,,boltzmol,1.0,boltzmol,1.0,sm_scr_yj8Mql4gJXVkMnpXutHZ,,,
pirfenidone,PDGFRA,scored,11,0.23231130838394165,0.09930764138698578,0.7918442487716675,0.7788035869598389,0.810701847076416,0.8440067768096924,0.7660748362541199,2.6295583248138428,0.9159684181213379,high-confidence,,Cc1ccc(=O)n(-c2ccccc2)c1,Cc1ccc(=O)n(-c2ccccc2)c1,ISWRGOKTTBVCFA-UHFFFAOYSA-N,True,boltzmol,1.0,boltzmol,1.0,sm_scr_yj8Mql4gJXVkMnpXutHZ,pres_3ikETpTspkcfR27b6tpH,boltz-experiments/jcm-pdgfra-focused16-v1/results/pres_3ikETpTspkcfR27b6tpH/files/result/pres_3ikETpTspkcfR27b6tpH_predicted.cif,36f18398ec9ddb3c5d52ade8028a8d3137f63266d62466026d7ebd3df27bab4c
nerandomilast,PDGFRA,scored,12,0.02749783918261528,0.4262365698814392,0.7746546268463135,0.7769623398780823,0.7867993712425232,0.7654237747192383,0.7499759197235107,2.7450308799743652,1.231679916381836,medium-confidence,,C1CC(C1)(CO)NC2=NC(=NC3=C2[S@](=O)CC3)N4CCC(CC4)C5=NC=C(C=N5)Cl,O=[S@@]1CCc2nc(N3CCC(c4ncc(Cl)cn4)CC3)nc(NC3(CO)CCC3)c21,UHYCLWAANUGUMN-SSEXGKCCSA-N,True,boltzmol,1.0,boltzmol,1.0,sm_scr_yj8Mql4gJXVkMnpXutHZ,pres_38eqgbeiI0CS23eayVkV,boltz-experiments/jcm-pdgfra-focused16-v1/results/pres_38eqgbeiI0CS23eayVkV/files/result/pres_38eqgbeiI0CS23eayVkV_predicted.cif,373426da2548eb5bf9f8f8a0e78584b5c0196b23ab0aa5a8814d28227d932d4a
nintedanib,FLT4,filtered,,,,,,,,,,,,Default provider structural-alert filter; individual rule not returned,COC(=O)c1ccc2c(c1)NC(=O)/C2=C(\Nc1ccc(N(C)C(=O)CN2CCN(C)CC2)cc1)c1ccccc1,,XZXHXSATPCNXJR-ZIADKAODSA-N,,boltzmol,1.0,boltzmol,1.0,sm_scr_kQsmq9RzAoo0cc3iuVM1,,,
imatinib,FLT4,scored,10,0.24456584453582764,0.2092319279909134,0.8033279776573181,0.7874200940132141,0.8278347253799438,0.8669591546058655,0.7730690836906433,2.6778488159179688,0.3826850354671478,medium-confidence,,Cc1ccc(NC(=O)c2ccc(CN3CCN(C)CC3)cc2)cc1Nc1nccc(-c2cccnc2)n1,Cc1ccc(NC(=O)c2ccc(CN3CCN(C)CC3)cc2)cc1Nc1nccc(-c2cccnc2)n1,KTUFNOKKBVMGRW-UHFFFAOYSA-N,True,boltzmol,1.0,boltzmol,1.0,sm_scr_kQsmq9RzAoo0cc3iuVM1,pres_3oEEqyniAMy41mBnYToi,boltz-experiments/jcm-flt4-focused16-v1/results/pres_3oEEqyniAMy41mBnYToi/files/result/pres_3oEEqyniAMy41mBnYToi_predicted.cif,3fa5b1ffff9161652a37e4c1e73579ff255f714e04c263c416cee14dcf971385
crenolanib,FLT4,scored,8,0.5736780762672424,0.327033132314682,0.7554283738136292,0.7220985293388367,0.7622107267379761,0.8887477517127991,0.7597798705101013,1.354419469833374,0.3423989415168762,high-confidence,,CC1(COc2ccc3c(c2)ncn3-c2ccc3cccc(N4CCC(N)CC4)c3n2)COC1,CC1(COc2ccc3c(c2)ncn3-c2ccc3cccc(N4CCC(N)CC4)c3n2)COC1,DYNHJHQFHQTFTP-UHFFFAOYSA-N,True,boltzmol,1.0,boltzmol,1.0,sm_scr_kQsmq9RzAoo0cc3iuVM1,pres_V6cSdBK7mChBdafy9cbx,boltz-experiments/jcm-flt4-focused16-v1/results/pres_V6cSdBK7mChBdafy9cbx/files/result/pres_V6cSdBK7mChBdafy9cbx_predicted.cif,f86c7fd90a382989997f6b03a623867a0e99e47d528a73c4f259a15d5e8905ba
avapritinib,FLT4,scored,9,0.5729485750198364,0.5110692381858826,0.7686774134635925,0.7395614981651306,0.7772806882858276,0.8851409554481506,0.774390459060669,1.8379870653152466,0.6027795076370239,medium-confidence,,Cn1cc(-c2cc3c(N4CCN(c5ncc([C@@](C)(N)c6ccc(F)cc6)cn5)CC4)ncnn3c2)cn1,Cn1cc(-c2cc3c(N4CCN(c5ncc([C@@](C)(N)c6ccc(F)cc6)cn5)CC4)ncnn3c2)cn1,DWYRIWUZIJHQKQ-SANMLTNESA-N,True,boltzmol,1.0,boltzmol,1.0,sm_scr_kQsmq9RzAoo0cc3iuVM1,pres_aZJE6R7BZWoUJriWIxUp,boltz-experiments/jcm-flt4-focused16-v1/results/pres_aZJE6R7BZWoUJriWIxUp/files/result/pres_aZJE6R7BZWoUJriWIxUp_predicted.cif,813959d8a7daca2f41a68ea33a0571f8773dfdd968fc80193e2f81eaee5a0887
ripretinib,FLT4,scored,5,0.7368612289428711,0.5168637633323669,0.7881193161010742,0.7596878409385681,0.8336489796638489,0.9018450975418091,0.7610937356948853,3.488534450531006,0.41367247700691223,high-risk,,CCn1c(=O)c(-c2cc(NC(=O)Nc3ccccc3)c(F)cc2Br)cc2cnc(NC)cc21,CCn1c(=O)c(-c2cc(NC(=O)Nc3ccccc3)c(F)cc2Br)cc2cnc(NC)cc21,CEFJVGZHQAGLHS-UHFFFAOYSA-N,True,boltzmol,1.0,boltzmol,1.0,sm_scr_kQsmq9RzAoo0cc3iuVM1,pres_ojCTM0D4N5HZ6akFxZUF,boltz-experiments/jcm-flt4-focused16-v1/results/pres_ojCTM0D4N5HZ6akFxZUF/files/result/pres_ojCTM0D4N5HZ6akFxZUF_predicted.cif,43080799ed4d23d9a2f43dcb46fbd8d6324be09cb624bbbf4eb307f700a6480c
axitinib,FLT4,scored,4,0.7428815364837646,0.4519651532173157,0.7662652134895325,0.7313441634178162,0.783505380153656,0.9059494137763977,0.7513903379440308,3.8844878673553467,1.0075430870056152,high-risk,,CNC(=O)c1ccccc1Sc1ccc2c(/C=C/c3ccccn3)n[nH]c2c1,CNC(=O)c1ccccc1Sc1ccc2c(/C=C/c3ccccn3)n[nH]c2c1,RITAVMQDGBJQJZ-FMIVXFBMSA-N,True,boltzmol,1.0,boltzmol,1.0,sm_scr_kQsmq9RzAoo0cc3iuVM1,pres_lvX58TrgfK49nz7N1hfh,boltz-experiments/jcm-flt4-focused16-v1/results/pres_lvX58TrgfK49nz7N1hfh/files/result/pres_lvX58TrgfK49nz7N1hfh_predicted.cif,2d48c1536f14f895cb4b42ffb64b48c2e04d0fe519e7c700ce9c86ea2a6c20c2
tivozanib,FLT4,scored,1,0.7886714935302734,0.46315091848373413,0.7829195857048035,0.7552725672721863,0.8204004168510437,0.8935075998306274,0.7709071636199951,3.4446115493774414,0.607308030128479,medium-confidence,,COc1cc2nccc(Oc3ccc(NC(=O)Nc4cc(C)on4)c(Cl)c3)c2cc1OC,COc1cc2nccc(Oc3ccc(NC(=O)Nc4cc(C)on4)c(Cl)c3)c2cc1OC,SPMVMDHWKHCIDT-UHFFFAOYSA-N,True,boltzmol,1.0,boltzmol,1.0,sm_scr_kQsmq9RzAoo0cc3iuVM1,pres_D49fhaQle5QZqdqqr6um,boltz-experiments/jcm-flt4-focused16-v1/results/pres_D49fhaQle5QZqdqqr6um/files/result/pres_D49fhaQle5QZqdqqr6um_predicted.cif,2f954b8bb518ef6208158ff412b9bf7c948941289dddc2396bffecf754a9b8af
lenvatinib,FLT4,scored,2,0.7540518045425415,0.527628481388092,0.7742229700088501,0.744075357913971,0.8123741745948792,0.8948132991790771,0.7627432942390442,2.631504535675049,0.5599334239959717,medium-confidence,,COc1cc2nccc(Oc3ccc(NC(=O)NC4CC4)c(Cl)c3)c2cc1C(N)=O,COc1cc2nccc(Oc3ccc(NC(=O)NC4CC4)c(Cl)c3)c2cc1C(N)=O,WOSKHXYHFSIKNG-UHFFFAOYSA-N,True,boltzmol,1.0,boltzmol,1.0,sm_scr_kQsmq9RzAoo0cc3iuVM1,pres_loaiBi5y3cT9o4x76Mat,boltz-experiments/jcm-flt4-focused16-v1/results/pres_loaiBi5y3cT9o4x76Mat/files/result/pres_loaiBi5y3cT9o4x76Mat_predicted.cif,b5da80653d8e263c31e40b6f83e868cadc95aff7248a20e9fcb4eb99e4a97936
sunitinib,FLT4,filtered,,,,,,,,,,,,Default provider structural-alert filter; individual rule not returned,CCN(CC)CCNC(=O)c1c(C)[nH]c(/C=C2\C(=O)Nc3ccc(F)cc32)c1C,,WINHZLLDWRZWRT-ATVHPVEESA-N,,boltzmol,1.0,boltzmol,1.0,sm_scr_kQsmq9RzAoo0cc3iuVM1,,,
pazopanib,FLT4,scored,3,0.7465399503707886,0.3769913613796234,0.7679275274276733,0.7379530668258667,0.7953863143920898,0.8878252506256104,0.7467209696769714,3.0027079582214355,0.6507309675216675,medium-confidence,,Cc1ccc(Nc2nccc(N(C)c3ccc4c(C)n(C)nc4c3)n2)cc1S(N)(=O)=O,Cc1ccc(Nc2nccc(N(C)c3ccc4c(C)n(C)nc4c3)n2)cc1S(N)(=O)=O,CUIHSIWYWATEQL-UHFFFAOYSA-N,True,boltzmol,1.0,boltzmol,1.0,sm_scr_kQsmq9RzAoo0cc3iuVM1,pres_CjRMeKIe0YVKeDGuGFhZ,boltz-experiments/jcm-flt4-focused16-v1/results/pres_CjRMeKIe0YVKeDGuGFhZ/files/result/pres_CjRMeKIe0YVKeDGuGFhZ_predicted.cif,51af226cc01ff6d781ded1db57755aa10aaf5f4df8571645682abfe7b75e39b6
sorafenib,FLT4,scored,6,0.6899625658988953,0.5269253253936768,0.8268613815307617,0.8031355142593384,0.870691180229187,0.9217647314071655,0.7833075523376465,4.305112361907959,0.756926417350769,high-risk,,CNC(=O)c1cc(Oc2ccc(NC(=O)Nc3ccc(Cl)c(C(F)(F)F)c3)cc2)ccn1,CNC(=O)c1cc(Oc2ccc(NC(=O)Nc3ccc(Cl)c(C(F)(F)F)c3)cc2)ccn1,MLDQJTXFUGDVEO-UHFFFAOYSA-N,True,boltzmol,1.0,boltzmol,1.0,sm_scr_kQsmq9RzAoo0cc3iuVM1,pres_D3qQHaL87MwxIzwKuup3,boltz-experiments/jcm-flt4-focused16-v1/results/pres_D3qQHaL87MwxIzwKuup3/files/result/pres_D3qQHaL87MwxIzwKuup3_predicted.cif,f8c57090ad2c0db2dee0fc8be93cd15ed31db371f8d7f451a10f8db277b13219
regorafenib,FLT4,scored,7,0.6189568042755127,0.4855883717536926,0.8202224969863892,0.7953031063079834,0.8713880181312561,0.9199000597000122,0.7845941781997681,4.183916091918945,0.7740586996078491,high-risk,,CNC(=O)c1cc(Oc2ccc(NC(=O)Nc3ccc(Cl)c(C(F)(F)F)c3)c(F)c2)ccn1,CNC(=O)c1cc(Oc2ccc(NC(=O)Nc3ccc(Cl)c(C(F)(F)F)c3)c(F)c2)ccn1,FNHKPVJBJVTLMP-UHFFFAOYSA-N,True,boltzmol,1.0,boltzmol,1.0,sm_scr_kQsmq9RzAoo0cc3iuVM1,pres_wFZYaBgcAbjQ8uoHqcQl,boltz-experiments/jcm-flt4-focused16-v1/results/pres_wFZYaBgcAbjQ8uoHqcQl/files/result/pres_wFZYaBgcAbjQ8uoHqcQl_predicted.cif,f772a5ffb500c4bc61e353e3589105881194adebc82346ac85d0803e27a8f41b
ponatinib,FLT4,filtered,,,,,,,,,,,,Default provider structural-alert filter; individual rule not returned,Cc1ccc(C(=O)Nc2ccc(CN3CCN(C)CC3)c(C(F)(F)F)c2)cc1C#Cc1cnc2cccnn12,,PHXJVRSECIGDHY-UHFFFAOYSA-N,,boltzmol,1.0,boltzmol,1.0,sm_scr_kQsmq9RzAoo0cc3iuVM1,,,
MAZ51,FLT4,filtered,,,,,,,,,,,,Default provider structural-alert filter; individual rule not returned,CN(C)c1ccc(/C=C2\C(=O)Nc3ccccc32)c2ccccc12,,VFCXONOPGCDDBQ-AQTBWJFISA-N,,boltzmol,1.0,boltzmol,1.0,sm_scr_kQsmq9RzAoo0cc3iuVM1,,,
pirfenidone,FLT4,scored,11,0.13942712545394897,0.08850334584712982,0.7664241790771484,0.7422489523887634,0.7886146903038025,0.8631249666213989,0.7442841529846191,2.6295583248138428,0.9159684181213379,high-confidence,,Cc1ccc(=O)n(-c2ccccc2)c1,Cc1ccc(=O)n(-c2ccccc2)c1,ISWRGOKTTBVCFA-UHFFFAOYSA-N,True,boltzmol,1.0,boltzmol,1.0,sm_scr_kQsmq9RzAoo0cc3iuVM1,pres_Z5omOSxWGMRO3N0hHDQn,boltz-experiments/jcm-flt4-focused16-v1/results/pres_Z5omOSxWGMRO3N0hHDQn/files/result/pres_Z5omOSxWGMRO3N0hHDQn_predicted.cif,0b4983248cc1c9bbdf035f2b0c54e227cd9d5a7e755155d96ae03dfe01753270
nerandomilast,FLT4,scored,12,0.03530673310160637,0.32624754309654236,0.7444319128990173,0.7455148696899414,0.7068806290626526,0.7401001453399658,0.7277145981788635,2.7450313568115234,1.2304768562316895,medium-confidence,,C1CC(C1)(CO)NC2=NC(=NC3=C2[S@](=O)CC3)N4CCC(CC4)C5=NC=C(C=N5)Cl,O=[S@@]1CCc2nc(N3CCC(c4ncc(Cl)cn4)CC3)nc(NC3(CO)CCC3)c21,UHYCLWAANUGUMN-SSEXGKCCSA-N,True,boltzmol,1.0,boltzmol,1.0,sm_scr_kQsmq9RzAoo0cc3iuVM1,pres_RHMXr0rnH9Y3aE0JvATy,boltz-experiments/jcm-flt4-focused16-v1/results/pres_RHMXr0rnH9Y3aE0JvATy/files/result/pres_RHMXr0rnH9Y3aE0JvATy_predicted.cif,44197da4c26e7f91dfee700bef136de91b19cdf55872705aa74f67cbbecf89d8
