page,different_pixels,different_percent,bbox
1,0,0.0,
2,0,0.0,
3,0,0.0,
4,0,0.0,
5,0,0.0,
6,0,0.0,
7,0,0.0,
8,0,0.0,
9,0,0.0,
10,161823,5.22499,"[122, 970, 1365, 1701]"
11,0,0.0,
12,0,0.0,
13,0,0.0,
14,127225,4.10788,"[182, 1040, 1364, 1697]"
15,0,0.0,
16,293990,9.49245,"[122, 412, 1363, 1771]"
17,0,0.0,
18,0,0.0,
19,0,0.0,
20,0,0.0,
21,0,0.0,
22,0,0.0,
23,0,0.0,
24,46406,1.49837,"[122, 1598, 1341, 1771]"
25,0,0.0,
26,60771,1.96219,"[182, 605, 1364, 1054]"
27,11799,0.38097,"[283, 605, 1348, 635]"
28,0,0.0,
29,115383,3.72552,"[122, 1249, 1356, 1771]"
30,0,0.0,
31,0,0.0,
32,0,0.0,
33,0,0.0,
34,0,0.0,
35,0,0.0,
36,0,0.0,
37,0,0.0,
38,0,0.0,
39,0,0.0,
40,0,0.0,
41,0,0.0,
42,0,0.0,
43,65001,2.09877,"[122, 1470, 1364, 1782]"
44,241759,7.80599,"[122, 497, 1365, 1782]"
45,3732,0.1205,"[110, 193, 159, 1706]"
46,202943,6.55269,"[110, 193, 1355, 1767]"
47,0,0.0,
48,0,0.0,
49,3,0.0001,"[181, 337, 182, 1746]"
50,2,6e-05,"[181, 182, 182, 965]"
51,3,0.0001,"[181, 252, 182, 1769]"
52,2,6e-05,"[181, 182, 182, 1211]"
53,137012,4.42389,"[110, 188, 1364, 1924]"
54,0,0.0,
55,0,0.0,
56,0,0.0,
57,0,0.0,
58,0,0.0,
59,0,0.0,
60,0,0.0,
61,0,0.0,
62,0,0.0,
63,0,0.0,
64,0,0.0,
65,0,0.0,
66,0,0.0,
