source_archive,source_path,bytes,sha256
JCM_Author_Reproducibility_Archive.zip!/Independent_Source_Panels/Original_165_Panels.zip,Original_Panel_Archive/contact_sheets/Figure_1_Contact_Sheet.jpg,201164,2a6885d4f5031595f5f2320458a9c037924548beecde842d8e6f070dc179d853
JCM_Author_Reproducibility_Archive.zip!/Independent_Source_Panels/Original_165_Panels.zip,Original_Panel_Archive/contact_sheets/Figure_2_Contact_Sheet.jpg,201346,01d0ef78d31fcd430da40870b22e3a30b6b0a6749ec21fde86d5db1f86942d0b
JCM_Author_Reproducibility_Archive.zip!/Independent_Source_Panels/Original_165_Panels.zip,Original_Panel_Archive/contact_sheets/Figure_3_Contact_Sheet.jpg,231928,9f76e397b8a77b4513fb866759dbaa8db97bafac0a806888f6d049135310df1c
JCM_Author_Reproducibility_Archive.zip!/Independent_Source_Panels/Original_165_Panels.zip,Original_Panel_Archive/contact_sheets/Figure_4_Contact_Sheet.jpg,254579,dc9137cb76cd3b1f0fb9082e5507db1c062a8538a7eb0c2df0b394dce93b5aad
JCM_Author_Reproducibility_Archive.zip!/Independent_Source_Panels/Original_165_Panels.zip,Original_Panel_Archive/contact_sheets/Figure_5_Contact_Sheet.jpg,359425,0d1ad3695db0cfb87586a232b48405d92524c13a3aaf944981c53c53d7db6066
JCM_Author_Reproducibility_Archive.zip!/Independent_Source_Panels/Original_165_Panels.zip,Original_Panel_Archive/contact_sheets/Figure_6_Contact_Sheet.jpg,341588,a8238f2fcfdf939a9030d24eae6701e761327f6edd1ae23f27979bf42c8ed096
JCM_Author_Reproducibility_Archive.zip!/Independent_Source_Panels/Original_165_Panels.zip,Original_Panel_Archive/contact_sheets/Figure_S10_Contact_Sheet.jpg,281783,c5cfeac285b7024522d21a485c314ddb0e75f3f3473b9aec064a45e588018b54
JCM_Author_Reproducibility_Archive.zip!/Independent_Source_Panels/Original_165_Panels.zip,Original_Panel_Archive/contact_sheets/Figure_S1_Contact_Sheet.jpg,130708,3b7ae7403067e90f3cae1e899b181d3e45656846bae8d0f6f91406165b9bad9f
JCM_Author_Reproducibility_Archive.zip!/Independent_Source_Panels/Original_165_Panels.zip,Original_Panel_Archive/contact_sheets/Figure_S2_Contact_Sheet.jpg,289326,9c96a7a49ca1723f1951d7c9b9f1c670de8df6697898748a26c29263d760cc01
JCM_Author_Reproducibility_Archive.zip!/Independent_Source_Panels/Original_165_Panels.zip,Original_Panel_Archive/contact_sheets/Figure_S3_Contact_Sheet.jpg,165717,b3a7b8d54617b6c5f9de54e9cd50c6d21dc37a0e21e586ccd7298bfbeff0052b
JCM_Author_Reproducibility_Archive.zip!/Independent_Source_Panels/Original_165_Panels.zip,Original_Panel_Archive/contact_sheets/Figure_S4_Contact_Sheet.jpg,143740,2cece4b917bc73ffad6e06e4fa2b173057080475a8ab2a255391e192f96ea331
JCM_Author_Reproducibility_Archive.zip!/Independent_Source_Panels/Original_165_Panels.zip,Original_Panel_Archive/contact_sheets/Figure_S5_Contact_Sheet.jpg,167542,077a49ac6f72aeb6fbb1cf4694a804a7c7bcbd6334b8c8c60ea6331189a42369
JCM_Author_Reproducibility_Archive.zip!/Independent_Source_Panels/Original_165_Panels.zip,Original_Panel_Archive/contact_sheets/Figure_S6_Contact_Sheet.jpg,186237,8f1102a6fa839bfbea3fb30a7170e55142cb1c655b30f5675b5e3893ede31465
JCM_Author_Reproducibility_Archive.zip!/Independent_Source_Panels/Original_165_Panels.zip,Original_Panel_Archive/contact_sheets/Figure_S7_Contact_Sheet.jpg,174518,2b09933522457b81e12376a7f0dc1aea03802549f6aa2560880ad1f9bd34d1ea
JCM_Author_Reproducibility_Archive.zip!/Independent_Source_Panels/Original_165_Panels.zip,Original_Panel_Archive/contact_sheets/Figure_S8_Contact_Sheet.jpg,337342,1eff9e0a2232da9f735b9697e8ba26b88cbeff63035befaa0afba453c83fb921
JCM_Author_Reproducibility_Archive.zip!/Independent_Source_Panels/Original_165_Panels.zip,Original_Panel_Archive/contact_sheets/Figure_S9_Contact_Sheet.jpg,264382,143b5ccd68709f3aaa2e6d4820cb91b1d43d4186ec9a95c6364c78e0e7938501
JCM_Author_Reproducibility_Archive.zip!/Independent_Source_Panels/Original_165_Panels.zip,Original_Panel_Archive/independent/Figure_1/Figure_1_A.tiff,64716,fec734f2131838274cfa5ac9598a8cb2405051e36040e21cb41cf7d9fe8529a3
JCM_Author_Reproducibility_Archive.zip!/Independent_Source_Panels/Original_165_Panels.zip,Original_Panel_Archive/independent/Figure_1/Figure_1_B.tiff,42966,4cfd6564a2ad2686ea24d7e819fbb3faa1c6628c5f23ac98ddd38944b0fd68c6
JCM_Author_Reproducibility_Archive.zip!/Independent_Source_Panels/Original_165_Panels.zip,Original_Panel_Archive/independent/Figure_1/Figure_1_C.tiff,33548,2f99e371df4ecb80d15a7aba453fd1b4c1d41566c69e1934993d6d5a9a1aed84
JCM_Author_Reproducibility_Archive.zip!/Independent_Source_Panels/Original_165_Panels.zip,Original_Panel_Archive/independent/Figure_1/Figure_1_D.tiff,49730,68a5a32ef305c85537f56dd7fe498c405a531144b4d19138acd96d915f87007c
JCM_Author_Reproducibility_Archive.zip!/Independent_Source_Panels/Original_165_Panels.zip,Original_Panel_Archive/independent/Figure_1/Figure_1_E.tiff,45174,5104f76dab937faa2057adb4f680a1a63fd3825358395f654614dc369049994f
JCM_Author_Reproducibility_Archive.zip!/Independent_Source_Panels/Original_165_Panels.zip,Original_Panel_Archive/independent/Figure_1/Figure_1_F.tiff,46102,a301983a240187b427c97cb6e412dcb07a90e3abf3b5af0b3297f281ec64055a
JCM_Author_Reproducibility_Archive.zip!/Independent_Source_Panels/Original_165_Panels.zip,Original_Panel_Archive/independent/Figure_1/Figure_1_G.tiff,39534,d9f719b42fc9d39cc16ada62439a67e0604b1ab0d8a67bb195789eeb398562a5
JCM_Author_Reproducibility_Archive.zip!/Independent_Source_Panels/Original_165_Panels.zip,Original_Panel_Archive/independent/Figure_1/Figure_1_H.tiff,29120,3f473de61e41cec2345276820a4e59943e6f71017049f05076dea0a21c844ff6
JCM_Author_Reproducibility_Archive.zip!/Independent_Source_Panels/Original_165_Panels.zip,Original_Panel_Archive/independent/Figure_1/Figure_1_I.tiff,30914,577714be7c23757399617724cd35d0a28e5a4d8294456dd856c95c137db6e619
JCM_Author_Reproducibility_Archive.zip!/Independent_Source_Panels/Original_165_Panels.zip,Original_Panel_Archive/independent/Figure_1/Figure_1_J.tiff,49276,d9e108079fb4e339bf3d2a5ec4b31bec682f2f24d5210a8235a64f1f914d3265
JCM_Author_Reproducibility_Archive.zip!/Independent_Source_Panels/Original_165_Panels.zip,Original_Panel_Archive/independent/Figure_1/Figure_1_K.tiff,55266,809a4541f401c4d1a94dd9d1d7f72bdf3a4c971e9095df309dfca0c393622dbb
JCM_Author_Reproducibility_Archive.zip!/Independent_Source_Panels/Original_165_Panels.zip,Original_Panel_Archive/independent/Figure_2/Figure_2_A.tiff,43184,daba0fa22428b6a3bc9cc1b6502972274e2725957c4d728244efe432d36b46bc
JCM_Author_Reproducibility_Archive.zip!/Independent_Source_Panels/Original_165_Panels.zip,Original_Panel_Archive/independent/Figure_2/Figure_2_B.tiff,39688,648280dbb00b7317006107c758d8acb4251497343e4ba3ea92bac616887f8900
JCM_Author_Reproducibility_Archive.zip!/Independent_Source_Panels/Original_165_Panels.zip,Original_Panel_Archive/independent/Figure_2/Figure_2_C.tiff,41954,08a7a8dd8fa5bea50db4381908f1f9bd7abef2fd0b3a6f7bc520a083d33faecb
JCM_Author_Reproducibility_Archive.zip!/Independent_Source_Panels/Original_165_Panels.zip,Original_Panel_Archive/independent/Figure_2/Figure_2_D.tiff,112438,063c64151ae122ab703676c79b58851d8fcc04ecd96e47df8119cd7e3b23b363
JCM_Author_Reproducibility_Archive.zip!/Independent_Source_Panels/Original_165_Panels.zip,Original_Panel_Archive/independent/Figure_2/Figure_2_E.tiff,46552,8faeaba89b4d91b2d98ad30269fd13c25927baf7cc4de1ba34fe2cae858f5fe8
JCM_Author_Reproducibility_Archive.zip!/Independent_Source_Panels/Original_165_Panels.zip,Original_Panel_Archive/independent/Figure_2/Figure_2_F.tiff,37730,c372fc6e09accb439a38eaa2db8c29321ee8a45dbf47e09ca9aad3294176bb6a
JCM_Author_Reproducibility_Archive.zip!/Independent_Source_Panels/Original_165_Panels.zip,Original_Panel_Archive/independent/Figure_2/Figure_2_G.tiff,43446,cb160e1ba4f62bab830cfd81c1a3e78ec05fe54ac3a9381e802489be142e1b7b
JCM_Author_Reproducibility_Archive.zip!/Independent_Source_Panels/Original_165_Panels.zip,Original_Panel_Archive/independent/Figure_2/Figure_2_H.tiff,41676,14479a2f9cb19d04c9afc1a54484cff8d4dac431e1153f0daeacfc26d5f17847
JCM_Author_Reproducibility_Archive.zip!/Independent_Source_Panels/Original_165_Panels.zip,Original_Panel_Archive/independent/Figure_2/Figure_2_I.tiff,36374,b313bd1abd837f03ac95ace6d964baa86ccd3c1b2592f18c0fbe53d11a3fd2ae
JCM_Author_Reproducibility_Archive.zip!/Independent_Source_Panels/Original_165_Panels.zip,Original_Panel_Archive/independent/Figure_2/Figure_2_J.tiff,40486,5ec14e303fd6a0cc76a570939d2dee5254d9173048b0fde1769576c992246d39
JCM_Author_Reproducibility_Archive.zip!/Independent_Source_Panels/Original_165_Panels.zip,Original_Panel_Archive/independent/Figure_3/Figure_3_A.tiff,43474,a11bd7977db0ee39f7242369c8f692e51ef3463a8111179bc939b50a807b044f
JCM_Author_Reproducibility_Archive.zip!/Independent_Source_Panels/Original_165_Panels.zip,Original_Panel_Archive/independent/Figure_3/Figure_3_B.tiff,56114,c5cb02900d944754371a177f66f62b38567b07aaf428f27bd3d1981348dc1464
JCM_Author_Reproducibility_Archive.zip!/Independent_Source_Panels/Original_165_Panels.zip,Original_Panel_Archive/independent/Figure_3/Figure_3_C.tiff,89854,95dcc1dfc0c62ba2f67829c35b0271c4fe43523ea07ea72a5d3d49f29ba478fd
JCM_Author_Reproducibility_Archive.zip!/Independent_Source_Panels/Original_165_Panels.zip,Original_Panel_Archive/independent/Figure_3/Figure_3_D.tiff,89234,084e4a2e6104e699f6960d208d39366f7e3b72f601b67f721f73c8c421651354
JCM_Author_Reproducibility_Archive.zip!/Independent_Source_Panels/Original_165_Panels.zip,Original_Panel_Archive/independent/Figure_3/Figure_3_E.tiff,45830,c161207f5c60fdc5baec7a76747cc40eff0de95fefe5149d4249c05a41db5cba
JCM_Author_Reproducibility_Archive.zip!/Independent_Source_Panels/Original_165_Panels.zip,Original_Panel_Archive/independent/Figure_3/Figure_3_F.tiff,43804,0dc452c16414fbbab519b0c555f3c7f63ed540dc394f7d9507c7660b6c6b5ccc
JCM_Author_Reproducibility_Archive.zip!/Independent_Source_Panels/Original_165_Panels.zip,Original_Panel_Archive/independent/Figure_3/Figure_3_G.tiff,59162,df378c39565a6e4257054771314677fa261ea579053151d2ee9673ebffc6c69a
JCM_Author_Reproducibility_Archive.zip!/Independent_Source_Panels/Original_165_Panels.zip,Original_Panel_Archive/independent/Figure_3/Figure_3_H.tiff,72592,dd57c693fe19dbb45bd845ef561e414498d1ba849d58e6aef89bfac36eb4ca08
JCM_Author_Reproducibility_Archive.zip!/Independent_Source_Panels/Original_165_Panels.zip,Original_Panel_Archive/independent/Figure_3/Figure_3_I.tiff,110778,a42da14bb48b48bc894730ed8a252a0cc99461bcab3f74a05550e4c3ca2cec37
JCM_Author_Reproducibility_Archive.zip!/Independent_Source_Panels/Original_165_Panels.zip,Original_Panel_Archive/independent/Figure_3/Figure_3_J.tiff,55188,2d5350e765e9d6325c172b3b843ba670f64b17611352831186ef1014bca8d09d
JCM_Author_Reproducibility_Archive.zip!/Independent_Source_Panels/Original_165_Panels.zip,Original_Panel_Archive/independent/Figure_4/Figure_4_A.tiff,56034,75bbf58c1a5abad81ab247ed42230221aa309db0c4df25171bd4197776e91431
JCM_Author_Reproducibility_Archive.zip!/Independent_Source_Panels/Original_165_Panels.zip,Original_Panel_Archive/independent/Figure_4/Figure_4_B.tiff,53322,e829480faf2fab91f5bac2734be67700f0d09ba96fffe4ad7046394514a73e44
JCM_Author_Reproducibility_Archive.zip!/Independent_Source_Panels/Original_165_Panels.zip,Original_Panel_Archive/independent/Figure_4/Figure_4_C.tiff,48094,5262bfd1619a5d7d123a9ede61d6b16346de2be10196e02b6c6652bfbd658426
JCM_Author_Reproducibility_Archive.zip!/Independent_Source_Panels/Original_165_Panels.zip,Original_Panel_Archive/independent/Figure_4/Figure_4_D.tiff,47398,80ce851728aa56938b69a7ea2dee6a461e5ea9643d8f156fd0f42021b8ae24bb
JCM_Author_Reproducibility_Archive.zip!/Independent_Source_Panels/Original_165_Panels.zip,Original_Panel_Archive/independent/Figure_4/Figure_4_E.tiff,73792,6c2dc9a615910a9c0ffac18f9123b832382f1d78d672cff46ce113ee7c7c58b6
JCM_Author_Reproducibility_Archive.zip!/Independent_Source_Panels/Original_165_Panels.zip,Original_Panel_Archive/independent/Figure_4/Figure_4_F.tiff,76324,fab5e2de5e2e503369827de75d58e1157f80077f8cc0ea0a17ba74aa861ba9b3
JCM_Author_Reproducibility_Archive.zip!/Independent_Source_Panels/Original_165_Panels.zip,Original_Panel_Archive/independent/Figure_4/Figure_4_G.tiff,34646,69bf24060c57470ebf4ca4f5ce8f2d733eecbeb236f76363027e13eee4f9167b
JCM_Author_Reproducibility_Archive.zip!/Independent_Source_Panels/Original_165_Panels.zip,Original_Panel_Archive/independent/Figure_4/Figure_4_H.tiff,46748,7c7821d1b10513445b652855b964545707b88d4ce7705ee0c1f9e3f097bf91b4
JCM_Author_Reproducibility_Archive.zip!/Independent_Source_Panels/Original_165_Panels.zip,Original_Panel_Archive/independent/Figure_4/Figure_4_I.tiff,36598,6a2938333df278178f8591de27c4f09f1d581bc210eca0b741607789334731f8
JCM_Author_Reproducibility_Archive.zip!/Independent_Source_Panels/Original_165_Panels.zip,Original_Panel_Archive/independent/Figure_4/Figure_4_J.tiff,36134,53d0a6bd83b942cb017eb04b2e6293d7c4b516ffcafc77590d2cd68fe145ed4b
JCM_Author_Reproducibility_Archive.zip!/Independent_Source_Panels/Original_165_Panels.zip,Original_Panel_Archive/independent/Figure_4/Figure_4_K.tiff,35772,df909b797f5f36aedfc9c511ef466130516895035e9c7519328dd4fcf1a51546
JCM_Author_Reproducibility_Archive.zip!/Independent_Source_Panels/Original_165_Panels.zip,Original_Panel_Archive/independent/Figure_5/Figure_5_A.tiff,68806,5547cce9683e82a6504ac4325e7da83b9bab143eee9ecfd79521fb439f9fdcc1
JCM_Author_Reproducibility_Archive.zip!/Independent_Source_Panels/Original_165_Panels.zip,Original_Panel_Archive/independent/Figure_5/Figure_5_B.tiff,60314,5682352e2b9a46ad1e11f47fc5631c10450b9975ada471294b99ba9cca0ba7b7
JCM_Author_Reproducibility_Archive.zip!/Independent_Source_Panels/Original_165_Panels.zip,Original_Panel_Archive/independent/Figure_5/Figure_5_C.tiff,39894,6fa32be5ae6bd44793e7cd22309bd7e12451ad3ddc98f35b0d0f95362e93fa70
JCM_Author_Reproducibility_Archive.zip!/Independent_Source_Panels/Original_165_Panels.zip,Original_Panel_Archive/independent/Figure_5/Figure_5_D.tiff,25828,b8ca5e3d53705c250e84bfc848fd6443a574093d5bb0ec9d55dabc2dbbda3d3f
JCM_Author_Reproducibility_Archive.zip!/Independent_Source_Panels/Original_165_Panels.zip,Original_Panel_Archive/independent/Figure_5/Figure_5_E.tiff,33160,ebe657620702795df33a19dac09944913701a1723bcd4066e4023e04d86207aa
JCM_Author_Reproducibility_Archive.zip!/Independent_Source_Panels/Original_165_Panels.zip,Original_Panel_Archive/independent/Figure_5/Figure_5_F.tiff,86646,78c550722a73ee51f6c6bccf55e423d45498d10021182958669c518e37924c42
JCM_Author_Reproducibility_Archive.zip!/Independent_Source_Panels/Original_165_Panels.zip,Original_Panel_Archive/independent/Figure_5/Figure_5_G.tiff,32512,dccb81cc9385abe03124fa635b83a48280ca33f0ec4641d8b1333eba8ca26537
JCM_Author_Reproducibility_Archive.zip!/Independent_Source_Panels/Original_165_Panels.zip,Original_Panel_Archive/independent/Figure_5/Figure_5_H.tiff,31916,7e12dec5b955ff60846989927ff368745fad8d283ce5ff432253f5f0a767bfd0
JCM_Author_Reproducibility_Archive.zip!/Independent_Source_Panels/Original_165_Panels.zip,Original_Panel_Archive/independent/Figure_5/Figure_5_I.tiff,64842,e8c66c7ae0945640b9fe54d17c04cd4b9b46cce4875dee3cc724713a5ea5bc0a
JCM_Author_Reproducibility_Archive.zip!/Independent_Source_Panels/Original_165_Panels.zip,Original_Panel_Archive/independent/Figure_5/Figure_5_J.tiff,33746,6b34fd8d50a8e937c3d8843c7b7f2c522bb3a5369fcdf6394abdc2c282ece126
JCM_Author_Reproducibility_Archive.zip!/Independent_Source_Panels/Original_165_Panels.zip,Original_Panel_Archive/independent/Figure_5/Figure_5_K.tiff,71060,a70a8e1ef1fbc6909476071a05f9e016b04b90352930255a7f5d42626bcb06f8
JCM_Author_Reproducibility_Archive.zip!/Independent_Source_Panels/Original_165_Panels.zip,Original_Panel_Archive/independent/Figure_5/Figure_5_L.tiff,68144,7fdc212b69e36dd83abfb1919ff5c0e108ae7517bff46eb298b1b2449b1569d8
JCM_Author_Reproducibility_Archive.zip!/Independent_Source_Panels/Original_165_Panels.zip,Original_Panel_Archive/independent/Figure_5/Figure_5_M.tiff,31434,a82fcee354297b811e0db57a15aae3e630af06d4ebbe911097396d870df276f5
JCM_Author_Reproducibility_Archive.zip!/Independent_Source_Panels/Original_165_Panels.zip,Original_Panel_Archive/independent/Figure_6/Figure_6_A.tiff,60646,4bdcd85730ae554dea4fe4a610c2ad38f034ceff6396dad20f127704f193be25
JCM_Author_Reproducibility_Archive.zip!/Independent_Source_Panels/Original_165_Panels.zip,Original_Panel_Archive/independent/Figure_6/Figure_6_B.tiff,31534,e080d863f2ed51906b82b80cd1e323d8ded9ce5e134daf3c4fe54a173dc2560c
JCM_Author_Reproducibility_Archive.zip!/Independent_Source_Panels/Original_165_Panels.zip,Original_Panel_Archive/independent/Figure_6/Figure_6_C.tiff,58088,59594cfab80e54d34f4562ebcd1cd5fa1c76a95aaffca0b109524a20a9db0fa1
JCM_Author_Reproducibility_Archive.zip!/Independent_Source_Panels/Original_165_Panels.zip,Original_Panel_Archive/independent/Figure_6/Figure_6_D.tiff,47070,667997fa432b68fe8ec93e77f67e14b4d23153ddc8fcd08fa5a683085f97a783
JCM_Author_Reproducibility_Archive.zip!/Independent_Source_Panels/Original_165_Panels.zip,Original_Panel_Archive/independent/Figure_6/Figure_6_E.tiff,32512,80b35bf781419004c09c2cc28a83efa62de5c6921f3b231d50d6c4d1e3231b17
JCM_Author_Reproducibility_Archive.zip!/Independent_Source_Panels/Original_165_Panels.zip,Original_Panel_Archive/independent/Figure_6/Figure_6_F.tiff,32544,cd080688d6f4e984bbacd3540c297ae580734ad724822fc65bb877a693aff120
JCM_Author_Reproducibility_Archive.zip!/Independent_Source_Panels/Original_165_Panels.zip,Original_Panel_Archive/independent/Figure_6/Figure_6_G.tiff,30618,4ffd56bb747653a8a967af4d1cd95e0fe9cd6750c5fe57c191b9808502a0837e
JCM_Author_Reproducibility_Archive.zip!/Independent_Source_Panels/Original_165_Panels.zip,Original_Panel_Archive/independent/Figure_6/Figure_6_H.tiff,35542,22b53e48c377dfc85f35ae2d8c50dc68172706d34a68f84cec545d6000af8510
JCM_Author_Reproducibility_Archive.zip!/Independent_Source_Panels/Original_165_Panels.zip,Original_Panel_Archive/independent/Figure_6/Figure_6_I.tiff,40686,3c8869e9b4f8e57e45d4bb2df9922146de0c053b2b1069d226018577eaa65ebd
JCM_Author_Reproducibility_Archive.zip!/Independent_Source_Panels/Original_165_Panels.zip,Original_Panel_Archive/independent/Figure_6/Figure_6_J.tiff,38836,7f7e08721d3752b8d128009105d738b25d5a019f6b3921c0019c9fd1adba8779
JCM_Author_Reproducibility_Archive.zip!/Independent_Source_Panels/Original_165_Panels.zip,Original_Panel_Archive/independent/Figure_6/Figure_6_K.tiff,45090,19137d0a3e831373ed534f57743a5029cb45f50ca72f26cf54596d2a23e32c18
JCM_Author_Reproducibility_Archive.zip!/Independent_Source_Panels/Original_165_Panels.zip,Original_Panel_Archive/independent/Figure_6/Figure_6_L.tiff,35450,ad59d71654be7cf91bbb30d81ebf4c0008ce3a03a24bdd43a7fd37d732ff12b9
JCM_Author_Reproducibility_Archive.zip!/Independent_Source_Panels/Original_165_Panels.zip,Original_Panel_Archive/independent/Figure_6/Figure_6_M.tiff,34846,1cb462e0d07a4c4bb65dabea1feab0447adeafe9b9c0276204cf593ec628aff3
JCM_Author_Reproducibility_Archive.zip!/Independent_Source_Panels/Original_165_Panels.zip,Original_Panel_Archive/independent/Figure_S1/Figure_S1_A.tiff,4098036,56d72a4dd29e929ade26e315fb819e56bf080f701ecc4172df12894a9d81d8cc
JCM_Author_Reproducibility_Archive.zip!/Independent_Source_Panels/Original_165_Panels.zip,Original_Panel_Archive/independent/Figure_S1/Figure_S1_B.tiff,1036158,3cda5a3abec843cba0370a7ed93f146f6201336d9b64def0a17f6f2d0ebe8732
JCM_Author_Reproducibility_Archive.zip!/Independent_Source_Panels/Original_165_Panels.zip,Original_Panel_Archive/independent/Figure_S1/Figure_S1_C.tiff,1179698,7db808b38e7d8f47f9802dc54ce401a2386446539552d876c0c75dddd0d32503
JCM_Author_Reproducibility_Archive.zip!/Independent_Source_Panels/Original_165_Panels.zip,Original_Panel_Archive/independent/Figure_S1/Figure_S1_D.tiff,876144,27b43b9369b59d67f1f95341af4553bd45a04629881ebbc910fd17e15a122eb6
JCM_Author_Reproducibility_Archive.zip!/Independent_Source_Panels/Original_165_Panels.zip,Original_Panel_Archive/independent/Figure_S1/Figure_S1_E.tiff,361350,77dc7a4d2a35d0ccfd2baed0786835c26cd5add40bc15930ecf92e91f69314b2
JCM_Author_Reproducibility_Archive.zip!/Independent_Source_Panels/Original_165_Panels.zip,Original_Panel_Archive/independent/Figure_S1/Figure_S1_F.tiff,549040,e8b808878e09cabf05cae124ea07a378e5b388c4dfaee601b07ffcebf4c4e536
JCM_Author_Reproducibility_Archive.zip!/Independent_Source_Panels/Original_165_Panels.zip,Original_Panel_Archive/independent/Figure_S10/Figure_S10_A.tiff,1033338,33f5622b27d9b51ca3c8c6ae5830be2ed7647a7708670a8b89602e407b37778c
JCM_Author_Reproducibility_Archive.zip!/Independent_Source_Panels/Original_165_Panels.zip,Original_Panel_Archive/independent/Figure_S10/Figure_S10_B.tiff,909128,b9272dfa83ae5e5577ba0eef539b96805b2801882680ffef70ead5a3acd0e6fd
JCM_Author_Reproducibility_Archive.zip!/Independent_Source_Panels/Original_165_Panels.zip,Original_Panel_Archive/independent/Figure_S10/Figure_S10_C.tiff,936962,47f26bf1c7bbf15fc77de1f697772b57a9d69efc90335fa251634004cb7f3807
JCM_Author_Reproducibility_Archive.zip!/Independent_Source_Panels/Original_165_Panels.zip,Original_Panel_Archive/independent/Figure_S10/Figure_S10_D.tiff,995586,b62fb8a62a0861e6f12e686ae4dff3191ea33172bbbc579cc581b31109ba79ea
JCM_Author_Reproducibility_Archive.zip!/Independent_Source_Panels/Original_165_Panels.zip,Original_Panel_Archive/independent/Figure_S10/Figure_S10_E.tiff,945914,6db1c0a59e61f1b78a2155bf5a8bcda4157d830cadafd7f35e6ca4c80edb1eb7
JCM_Author_Reproducibility_Archive.zip!/Independent_Source_Panels/Original_165_Panels.zip,Original_Panel_Archive/independent/Figure_S10/Figure_S10_F.tiff,956172,61ce823ae58f575fd05419d897511547a3faebbfc90288b2036eb613df52698c
JCM_Author_Reproducibility_Archive.zip!/Independent_Source_Panels/Original_165_Panels.zip,Original_Panel_Archive/independent/Figure_S10/Figure_S10_G.tiff,1276134,f3a67654f317301873b21f593930418afac22e5a001891bec518fef792d3d753
JCM_Author_Reproducibility_Archive.zip!/Independent_Source_Panels/Original_165_Panels.zip,Original_Panel_Archive/independent/Figure_S10/Figure_S10_H.tiff,1148920,7df49a05db6b1eed5ed129dbbb64fcb868d70a09f8a40e090ea3e587ea03de94
JCM_Author_Reproducibility_Archive.zip!/Independent_Source_Panels/Original_165_Panels.zip,Original_Panel_Archive/independent/Figure_S10/Figure_S10_I.tiff,1309496,5b61d81363a33fcc4fb68be0656eb90fbe89e62d6c2bb8a0eed34f8648ac9cf3
JCM_Author_Reproducibility_Archive.zip!/Independent_Source_Panels/Original_165_Panels.zip,Original_Panel_Archive/independent/Figure_S10/Figure_S10_J.tiff,1469464,a883852426b3f5877fc7c50bb2391be36f3d1c6666e6a4fa8146a0540dd4cf34
JCM_Author_Reproducibility_Archive.zip!/Independent_Source_Panels/Original_165_Panels.zip,Original_Panel_Archive/independent/Figure_S10/Figure_S10_K.tiff,1446986,5fffef1b3235cce455b1c305a8ca63a16b04fa9615fa2360e7ca1344a49f0c48
JCM_Author_Reproducibility_Archive.zip!/Independent_Source_Panels/Original_165_Panels.zip,Original_Panel_Archive/independent/Figure_S10/Figure_S10_L.tiff,1309296,7e60594a4db3da8d529ea27646fb8d16599adf48ac82fedc816dc19c7dd70dd7
JCM_Author_Reproducibility_Archive.zip!/Independent_Source_Panels/Original_165_Panels.zip,Original_Panel_Archive/independent/Figure_S2/Figure_S2_A.tiff,1472564,1262b15454094f3e1b6c09363ccd66a5d08d1604f5251a6d4bbf171b9eecaeff
JCM_Author_Reproducibility_Archive.zip!/Independent_Source_Panels/Original_165_Panels.zip,Original_Panel_Archive/independent/Figure_S2/Figure_S2_B.tiff,1539962,e8445573f2d2845fef6d33931a77a574bd7aecf9b7aea902b8ab2b2db3952cfd
JCM_Author_Reproducibility_Archive.zip!/Independent_Source_Panels/Original_165_Panels.zip,Original_Panel_Archive/independent/Figure_S2/Figure_S2_C.tiff,1556518,247da253752b383a60b94b11bd74d86c313783955e24539ab3d144458ea92104
JCM_Author_Reproducibility_Archive.zip!/Independent_Source_Panels/Original_165_Panels.zip,Original_Panel_Archive/independent/Figure_S2/Figure_S2_D.tiff,1342220,8d184b771aa7ccea0b718d07717a7e4451c201410607790b8d2220e8b4feb7ec
JCM_Author_Reproducibility_Archive.zip!/Independent_Source_Panels/Original_165_Panels.zip,Original_Panel_Archive/independent/Figure_S2/Figure_S2_E.tiff,1413916,35084b742c3abda026e0236fe4104c0910abf442979abac951db1e4ceac09d4a
JCM_Author_Reproducibility_Archive.zip!/Independent_Source_Panels/Original_165_Panels.zip,Original_Panel_Archive/independent/Figure_S2/Figure_S2_F.tiff,1284386,90afb4f13951ad8371393335cffb5be01af0ace119d549d02b39292aeb9456a4
JCM_Author_Reproducibility_Archive.zip!/Independent_Source_Panels/Original_165_Panels.zip,Original_Panel_Archive/independent/Figure_S2/Figure_S2_G.tiff,1433580,cba25fb940e1e3dfef72ea5b0e6b56938355267b90f7a3cb6781abf5549c3f7c
JCM_Author_Reproducibility_Archive.zip!/Independent_Source_Panels/Original_165_Panels.zip,Original_Panel_Archive/independent/Figure_S2/Figure_S2_H.tiff,1267612,a00762b86c3dae93649eab775753d7001c2db2f59d4a0114d097c81908a77937
JCM_Author_Reproducibility_Archive.zip!/Independent_Source_Panels/Original_165_Panels.zip,Original_Panel_Archive/independent/Figure_S2/Figure_S2_I.tiff,984198,f7d2a7b1473c7c5dd1e626054d996a303efa4d43cfb8bb0baadbeefb76930465
JCM_Author_Reproducibility_Archive.zip!/Independent_Source_Panels/Original_165_Panels.zip,Original_Panel_Archive/independent/Figure_S2/Figure_S2_J.tiff,935204,d8dba0406b94e03c9ffb3ddbba3cfc2f5480d3da16a4de95d8a572d490ca380c
JCM_Author_Reproducibility_Archive.zip!/Independent_Source_Panels/Original_165_Panels.zip,Original_Panel_Archive/independent/Figure_S2/Figure_S2_K.tiff,1007320,8d5375292c210069876ce82f264fe7ab56d180089179c7b762a74a0df1c166b0
JCM_Author_Reproducibility_Archive.zip!/Independent_Source_Panels/Original_165_Panels.zip,Original_Panel_Archive/independent/Figure_S2/Figure_S2_L.tiff,808116,0f3fb1c0ca8e87ce88bfb9c534ab8aa7c7e9e3020622acef71095a6e37704fd6
JCM_Author_Reproducibility_Archive.zip!/Independent_Source_Panels/Original_165_Panels.zip,Original_Panel_Archive/independent/Figure_S2/Figure_S2_M.tiff,911602,74f05cb423b43497fffd99f9f422e718817994c878d3cf8ed69b8dbea598ff48
JCM_Author_Reproducibility_Archive.zip!/Independent_Source_Panels/Original_165_Panels.zip,Original_Panel_Archive/independent/Figure_S3/Figure_S3_A.tiff,425912,0b5c82cb0cc50c9625e671b1d3b139dd47fada3042164a78c295bfacccf6c122
JCM_Author_Reproducibility_Archive.zip!/Independent_Source_Panels/Original_165_Panels.zip,Original_Panel_Archive/independent/Figure_S3/Figure_S3_B.tiff,418878,f0cd158e3bfcf2b2787227e399f17e8ca528a1a4edfecd34095dabd58e2a90c4
JCM_Author_Reproducibility_Archive.zip!/Independent_Source_Panels/Original_165_Panels.zip,Original_Panel_Archive/independent/Figure_S3/Figure_S3_C.tiff,419788,ca8910b140d699a5ff8faf3f075fd2bd752c0d6bebe027743673a2156c77602c
JCM_Author_Reproducibility_Archive.zip!/Independent_Source_Panels/Original_165_Panels.zip,Original_Panel_Archive/independent/Figure_S3/Figure_S3_D.tiff,441146,706b9f9e95fa53f5ddd52edcea9da1ca2a84491b70ddf3287b69a507f29b0c1a
JCM_Author_Reproducibility_Archive.zip!/Independent_Source_Panels/Original_165_Panels.zip,Original_Panel_Archive/independent/Figure_S3/Figure_S3_E.tiff,421246,d95c01dfe5c276c32ab6ef0156dfe957d5b38d2da68b414d6e29b042926a3f57
JCM_Author_Reproducibility_Archive.zip!/Independent_Source_Panels/Original_165_Panels.zip,Original_Panel_Archive/independent/Figure_S3/Figure_S3_F.tiff,534604,b01a97d19c27da8d503ab9b4d448be8e5bc44c39da974243e8481e0cfec2e371
JCM_Author_Reproducibility_Archive.zip!/Independent_Source_Panels/Original_165_Panels.zip,Original_Panel_Archive/independent/Figure_S3/Figure_S3_G.tiff,400422,a0804bc623ebf0613a8fb331bd0c93280a79620cf274113c396451f96459fbee
JCM_Author_Reproducibility_Archive.zip!/Independent_Source_Panels/Original_165_Panels.zip,Original_Panel_Archive/independent/Figure_S3/Figure_S3_H.tiff,388420,763d2cae0797d98a7c450911cc08602abed1d0ec42c4981a6f5ea8c60c6312f3
JCM_Author_Reproducibility_Archive.zip!/Independent_Source_Panels/Original_165_Panels.zip,Original_Panel_Archive/independent/Figure_S3/Figure_S3_I.tiff,822212,5353f4761ac15e9bd976e26f71e392b0ff58b7fd63b69324d38263a90ed17ea2
JCM_Author_Reproducibility_Archive.zip!/Independent_Source_Panels/Original_165_Panels.zip,Original_Panel_Archive/independent/Figure_S3/Figure_S3_J.tiff,508768,4f7b7e43f9813f1a63467726b0de654a70ae5327807ece1f0090096463f7a0e8
JCM_Author_Reproducibility_Archive.zip!/Independent_Source_Panels/Original_165_Panels.zip,Original_Panel_Archive/independent/Figure_S4/Figure_S4_A.tiff,646128,4f95018da0835ff44bf1d98b0d045db90ca47aa5a0a0966e58913b71246e7d7c
JCM_Author_Reproducibility_Archive.zip!/Independent_Source_Panels/Original_165_Panels.zip,Original_Panel_Archive/independent/Figure_S4/Figure_S4_B.tiff,785436,8657ce0375224ec15fd9dfd11cf4ed5a49a417aaeb6a7f3940102cebc07a9c8d
JCM_Author_Reproducibility_Archive.zip!/Independent_Source_Panels/Original_165_Panels.zip,Original_Panel_Archive/independent/Figure_S4/Figure_S4_C.tiff,575942,4a951e2fa7ccdc5d6f652ecc8e9d6c8346fbda0a657c40347f66056717a9c483
JCM_Author_Reproducibility_Archive.zip!/Independent_Source_Panels/Original_165_Panels.zip,Original_Panel_Archive/independent/Figure_S4/Figure_S4_D.tiff,718172,9bb950e2d769f1829dfa36f87356a111bbbb999ed15e36d0ec6177f979f26146
JCM_Author_Reproducibility_Archive.zip!/Independent_Source_Panels/Original_165_Panels.zip,Original_Panel_Archive/independent/Figure_S4/Figure_S4_E.tiff,789110,e788e9b28f080923727c7af62add5f6c35726a9f602f9e2be190099257c338eb
JCM_Author_Reproducibility_Archive.zip!/Independent_Source_Panels/Original_165_Panels.zip,Original_Panel_Archive/independent/Figure_S4/Figure_S4_F.tiff,956434,e178d6614f53e91ddf422c3a6cb5e95f563accf6a5b9f4d2db7a018fe6f897cf
JCM_Author_Reproducibility_Archive.zip!/Independent_Source_Panels/Original_165_Panels.zip,Original_Panel_Archive/independent/Figure_S4/Figure_S4_G.tiff,823770,fafa5a3f331222116ead17d102068321ebffe6cc8e00dbed1d5fb64c00b60c18
JCM_Author_Reproducibility_Archive.zip!/Independent_Source_Panels/Original_165_Panels.zip,Original_Panel_Archive/independent/Figure_S4/Figure_S4_H.tiff,620426,ac394b2bf5a358f7a9b788e4dc6ffa5ffaf64748753a1e3156338b05f155b570
JCM_Author_Reproducibility_Archive.zip!/Independent_Source_Panels/Original_165_Panels.zip,Original_Panel_Archive/independent/Figure_S5/Figure_S5_A.tiff,1011042,b8e346900d261a495b67511f576fcf30e6bb32c809b3c7c591982892b82e2fa2
JCM_Author_Reproducibility_Archive.zip!/Independent_Source_Panels/Original_165_Panels.zip,Original_Panel_Archive/independent/Figure_S5/Figure_S5_B.tiff,1119310,e83ce5db6588398bd3dc5078c2f573bf4347c26182a5a55612b6288fea6e8eaf
JCM_Author_Reproducibility_Archive.zip!/Independent_Source_Panels/Original_165_Panels.zip,Original_Panel_Archive/independent/Figure_S5/Figure_S5_C.tiff,4677214,727e149db0ffee03fb6a228dbd1df43225cd266fe2fff42dfd93b25d935f52c9
JCM_Author_Reproducibility_Archive.zip!/Independent_Source_Panels/Original_165_Panels.zip,Original_Panel_Archive/independent/Figure_S5/Figure_S5_D.tiff,718030,af6964fda6a30b09d0ab36bb7c87e7079a1c2d5fefb85a30b4fefd6c63ad74d2
JCM_Author_Reproducibility_Archive.zip!/Independent_Source_Panels/Original_165_Panels.zip,Original_Panel_Archive/independent/Figure_S5/Figure_S5_E.tiff,1406858,c5f98aff53e9725a2cec1590482a78e5ad6e3f71aeb8731de31b8563236cdb45
JCM_Author_Reproducibility_Archive.zip!/Independent_Source_Panels/Original_165_Panels.zip,Original_Panel_Archive/independent/Figure_S5/Figure_S5_F.tiff,1339326,df1c9c6cb20511190c106b8208d5cd931a5be053252fb8b2a12d6be5dcc11af2
JCM_Author_Reproducibility_Archive.zip!/Independent_Source_Panels/Original_165_Panels.zip,Original_Panel_Archive/independent/Figure_S6/Figure_S6_A.tiff,1396368,c4fd9e2252b86dc724b1f5e8072bd24a861a683c06863159e80744e407cc4381
JCM_Author_Reproducibility_Archive.zip!/Independent_Source_Panels/Original_165_Panels.zip,Original_Panel_Archive/independent/Figure_S6/Figure_S6_B.tiff,850736,2d47203fa735d0d83ec7e7a945ac69f1a3dd1a5546ec516d194acd6bba19773c
JCM_Author_Reproducibility_Archive.zip!/Independent_Source_Panels/Original_165_Panels.zip,Original_Panel_Archive/independent/Figure_S6/Figure_S6_C.tiff,788372,7ac820ab2896493e2eccfc27af78fd6e09ae57e89d8f71a44cf8811b425c5a30
JCM_Author_Reproducibility_Archive.zip!/Independent_Source_Panels/Original_165_Panels.zip,Original_Panel_Archive/independent/Figure_S6/Figure_S6_D.tiff,2808434,00d92a6b92b04a5c9c3d406aa43dda147274b350f10fcb89381f27dd46a75f39
JCM_Author_Reproducibility_Archive.zip!/Independent_Source_Panels/Original_165_Panels.zip,Original_Panel_Archive/independent/Figure_S6/Figure_S6_E.tiff,1261168,185194eed4481adc2b80b5cceb6af8a8558dfe0131ae5f961db621fcb5045919
JCM_Author_Reproducibility_Archive.zip!/Independent_Source_Panels/Original_165_Panels.zip,Original_Panel_Archive/independent/Figure_S6/Figure_S6_F.tiff,744822,20330a8feb21890d3d277e675160512b33b44a601c98d9109b843db2e4123727
JCM_Author_Reproducibility_Archive.zip!/Independent_Source_Panels/Original_165_Panels.zip,Original_Panel_Archive/independent/Figure_S6/Figure_S6_G.tiff,1937250,a4f3489eb7ba0dd87948cd5845d9fe14783c44b18a93c6f35f7a4012608093e2
JCM_Author_Reproducibility_Archive.zip!/Independent_Source_Panels/Original_165_Panels.zip,Original_Panel_Archive/independent/Figure_S6/Figure_S6_H.tiff,2372494,17a4b84b4128beb84c7e4f86b9dd405ce881f2a9dfd0f2b16a18296fbca5ecde
JCM_Author_Reproducibility_Archive.zip!/Independent_Source_Panels/Original_165_Panels.zip,Original_Panel_Archive/independent/Figure_S6/Figure_S6_I.tiff,1383244,78896a502e10c08d636f11652fc91314fe94566e9f6dc9cebf938062399fde5f
JCM_Author_Reproducibility_Archive.zip!/Independent_Source_Panels/Original_165_Panels.zip,Original_Panel_Archive/independent/Figure_S6/Figure_S6_J.tiff,4974574,c2322cae6f9de97ff6e3384f4020f6bde1e2bcf50e4d7379a5c85b35620898cd
JCM_Author_Reproducibility_Archive.zip!/Independent_Source_Panels/Original_165_Panels.zip,Original_Panel_Archive/independent/Figure_S7/Figure_S7_A.tiff,2139732,49aee181c8a5c718e54b00b8875d66713ef480e99ca89dd72416c9bd2b1e55e9
JCM_Author_Reproducibility_Archive.zip!/Independent_Source_Panels/Original_165_Panels.zip,Original_Panel_Archive/independent/Figure_S7/Figure_S7_B.tiff,735948,d3b29709dc75bbb101925bffb7b72897f6f208f5f5b2ec406fcb2649ccc73b06
JCM_Author_Reproducibility_Archive.zip!/Independent_Source_Panels/Original_165_Panels.zip,Original_Panel_Archive/independent/Figure_S7/Figure_S7_C.tiff,1913730,646600423f4c512d5f60c81ffdb4744f5c8a4058ca035c95148423eede6e7780
JCM_Author_Reproducibility_Archive.zip!/Independent_Source_Panels/Original_165_Panels.zip,Original_Panel_Archive/independent/Figure_S7/Figure_S7_D.tiff,6937190,85f139cdd4f355aa33ebac1f24dc8ee6aafa43b96667b63bb95eaa8ce20b9437
JCM_Author_Reproducibility_Archive.zip!/Independent_Source_Panels/Original_165_Panels.zip,Original_Panel_Archive/independent/Figure_S7/Figure_S7_E.tiff,1106426,ebd6373e6633752a0ab082f1c50549eadfeb2a45a033bb6fc78ab193976dc283
JCM_Author_Reproducibility_Archive.zip!/Independent_Source_Panels/Original_165_Panels.zip,Original_Panel_Archive/independent/Figure_S7/Figure_S7_F.tiff,851024,3791552c078ecc66d68991fa639e6fa08857dfd0b329e03e5968be699cfa308e
JCM_Author_Reproducibility_Archive.zip!/Independent_Source_Panels/Original_165_Panels.zip,Original_Panel_Archive/independent/Figure_S7/Figure_S7_G.tiff,690978,7aa7f60e14e905f956e28543a6f09fa2a9ac6bc47e6b47145612649095adc20f
JCM_Author_Reproducibility_Archive.zip!/Independent_Source_Panels/Original_165_Panels.zip,Original_Panel_Archive/independent/Figure_S7/Figure_S7_H.tiff,717078,344f6b6c2fe35aeb0b9368dbfc0be0858427c2d5df3095b358884d687c609366
JCM_Author_Reproducibility_Archive.zip!/Independent_Source_Panels/Original_165_Panels.zip,Original_Panel_Archive/independent/Figure_S7/Figure_S7_I.tiff,1142466,d4de8cdd30be3ef16ba6c7aabc8b942291daafe9f2d2b8f0c6910f5d41e70518
JCM_Author_Reproducibility_Archive.zip!/Independent_Source_Panels/Original_165_Panels.zip,Original_Panel_Archive/independent/Figure_S7/Figure_S7_J.tiff,4718010,9967811f1081e050b1f52e854667091f76a252b2bfc89e6226fc81367ec07484
JCM_Author_Reproducibility_Archive.zip!/Independent_Source_Panels/Original_165_Panels.zip,Original_Panel_Archive/independent/Figure_S8/Figure_S8_A.tiff,1729786,dd2965610ee910500e221b3536d92b07bca21a0d3dab8387a46b4bcd2d3144d4
JCM_Author_Reproducibility_Archive.zip!/Independent_Source_Panels/Original_165_Panels.zip,Original_Panel_Archive/independent/Figure_S8/Figure_S8_B.tiff,1881692,68e4a18ca2ebc72083e47729d4090c68aa4f3f38c67cff26507f444de1708d23
JCM_Author_Reproducibility_Archive.zip!/Independent_Source_Panels/Original_165_Panels.zip,Original_Panel_Archive/independent/Figure_S8/Figure_S8_C.tiff,1092260,6403f9dc5d7c17ee769776f6a408f9c5cc4a970f0102160d360cce43c1fe7d70
JCM_Author_Reproducibility_Archive.zip!/Independent_Source_Panels/Original_165_Panels.zip,Original_Panel_Archive/independent/Figure_S8/Figure_S8_D.tiff,1110300,36420cd15f7758202c49f5fca016e7411f6e4f5394e4ed3f6ce1337258c074ee
JCM_Author_Reproducibility_Archive.zip!/Independent_Source_Panels/Original_165_Panels.zip,Original_Panel_Archive/independent/Figure_S8/Figure_S8_E.tiff,863240,9eaf267ac3baf2be69b75a602c194737ebf42179e6bbc4431441f65c32757a9e
JCM_Author_Reproducibility_Archive.zip!/Independent_Source_Panels/Original_165_Panels.zip,Original_Panel_Archive/independent/Figure_S8/Figure_S8_F.tiff,2152948,82dd737e5b6a55431e3e8164ad900b5544d1a1c6b9d99186f10a840c85224c1f
JCM_Author_Reproducibility_Archive.zip!/Independent_Source_Panels/Original_165_Panels.zip,Original_Panel_Archive/independent/Figure_S8/Figure_S8_G.tiff,880332,0a19610ae0fdefe0c8c8ffe494fb30895359864f9965896071b160b7104c669a
JCM_Author_Reproducibility_Archive.zip!/Independent_Source_Panels/Original_165_Panels.zip,Original_Panel_Archive/independent/Figure_S8/Figure_S8_H.tiff,879700,b69a0ded126eb247d9d1ecbb96dc435401489a9a03b51c916a40abf997972c5a
JCM_Author_Reproducibility_Archive.zip!/Independent_Source_Panels/Original_165_Panels.zip,Original_Panel_Archive/independent/Figure_S8/Figure_S8_I.tiff,1868502,a4f117fc17d829df92fedfde92280355560f9b8351acbe70e19e61c17bb6c51a
JCM_Author_Reproducibility_Archive.zip!/Independent_Source_Panels/Original_165_Panels.zip,Original_Panel_Archive/independent/Figure_S8/Figure_S8_J.tiff,1473546,6da8bf5e3b0a7c71c545496d9f16b5418ff6ffd295624d4b2b3fc052b666814d
JCM_Author_Reproducibility_Archive.zip!/Independent_Source_Panels/Original_165_Panels.zip,Original_Panel_Archive/independent/Figure_S8/Figure_S8_K.tiff,3310892,710a05462662c54b5416980d8e0886ee283a3e3ca00542a73b5d7bfc4b1f5d8e
JCM_Author_Reproducibility_Archive.zip!/Independent_Source_Panels/Original_165_Panels.zip,Original_Panel_Archive/independent/Figure_S8/Figure_S8_L.tiff,1838694,ca63ec8349ec0fd48a861303d2c7797686d82701c487a3232afcce983a321d6e
JCM_Author_Reproducibility_Archive.zip!/Independent_Source_Panels/Original_165_Panels.zip,Original_Panel_Archive/independent/Figure_S9/Figure_S9_A.tiff,1046010,8645df1500c49a9bac8197a47016a3e2f664270281989ef25af40a08ca304fe5
JCM_Author_Reproducibility_Archive.zip!/Independent_Source_Panels/Original_165_Panels.zip,Original_Panel_Archive/independent/Figure_S9/Figure_S9_B.tiff,1799174,da006f948122fc795bed670f79e6d87859c8d14c5e7901b0f260e70b61f4acd8
JCM_Author_Reproducibility_Archive.zip!/Independent_Source_Panels/Original_165_Panels.zip,Original_Panel_Archive/independent/Figure_S9/Figure_S9_C.tiff,1869318,44e1260b4930e776f6221afb0277da152f605637f53ac35d3c3d4300af8dd13b
JCM_Author_Reproducibility_Archive.zip!/Independent_Source_Panels/Original_165_Panels.zip,Original_Panel_Archive/independent/Figure_S9/Figure_S9_D.tiff,1095168,6b76d65599b8479f5ab3725bfe8dd646f6767a781d7316561d8354e12cca5745
JCM_Author_Reproducibility_Archive.zip!/Independent_Source_Panels/Original_165_Panels.zip,Original_Panel_Archive/independent/Figure_S9/Figure_S9_E.tiff,978146,e114092e041ed927de89a699eb0f2c80b45e92fae2ac0a5c404d4f4db9c303ed
JCM_Author_Reproducibility_Archive.zip!/Independent_Source_Panels/Original_165_Panels.zip,Original_Panel_Archive/independent/Figure_S9/Figure_S9_F.tiff,1181420,ddf96ddfefc9e31a32e6cbe072ab6870a9beaf0124dd87ae34102604f2ccfb47
JCM_Author_Reproducibility_Archive.zip!/Independent_Source_Panels/Original_165_Panels.zip,Original_Panel_Archive/independent/Figure_S9/Figure_S9_G.tiff,1388222,6ff963a351576dd64fe3feff817569e4565a709f609bdfe5df6ccc8d3d8f3bf4
JCM_Author_Reproducibility_Archive.zip!/Independent_Source_Panels/Original_165_Panels.zip,Original_Panel_Archive/independent/Figure_S9/Figure_S9_H.tiff,1061136,3e991a3065092654f4a48238e0eb0ca4cdb785e4c2f34b547522d95997dec8c7
JCM_Author_Reproducibility_Archive.zip!/Independent_Source_Panels/Original_165_Panels.zip,Original_Panel_Archive/independent/Figure_S9/Figure_S9_I.tiff,827416,c04c061a2997bc293e97b619922bcbc30da8ec4dc0891e8692f0a4f3d1022adc
JCM_Author_Reproducibility_Archive.zip!/Independent_Source_Panels/Original_165_Panels.zip,Original_Panel_Archive/independent/Figure_S9/Figure_S9_J.tiff,4587880,8ee2de57c568ea03b112d0761b1f783d2e93525860b2d417b46517db4ad10069
JCM_Author_Reproducibility_Archive.zip!/Independent_Source_Panels/Original_165_Panels.zip,Original_Panel_Archive/reassembled/Figure_1_Reassembled_Original_Panels.tiff,470138,52293dbd8c34b5dcc08e8e318e84ee72365bbc2bce9e223e7722ccc0a341fddd
JCM_Author_Reproducibility_Archive.zip!/Independent_Source_Panels/Original_165_Panels.zip,Original_Panel_Archive/reassembled/Figure_2_Reassembled_Original_Panels.tiff,459880,44df61ae0d6ce557363c4f8546a4edd6322e409c7e775a8c62dc0ff0d66020c1
JCM_Author_Reproducibility_Archive.zip!/Independent_Source_Panels/Original_165_Panels.zip,Original_Panel_Archive/reassembled/Figure_3_Reassembled_Original_Panels.tiff,683724,dda0f9c8ba4440f64df9f560f46079b3fb9c58651c2b8270ac0dff3763d654ba
JCM_Author_Reproducibility_Archive.zip!/Independent_Source_Panels/Original_165_Panels.zip,Original_Panel_Archive/reassembled/Figure_5_Reassembled_Original_Panels.tiff,526950,22d31b51647c5c5e218cf9f69c98cb53d7b362ba6dc8eff664a0dff068f3cc95
JCM_Author_Reproducibility_Archive.zip!/Independent_Source_Panels/Original_165_Panels.zip,Original_Panel_Archive/reassembled/Figure_6_Reassembled_Original_Panels.tiff,674222,ab3753d8038a2f5b7379a73fb4ff7892478c593dc679acf7597235bf1efe5c89
JCM_Author_Reproducibility_Archive.zip!/Independent_Source_Panels/Original_165_Panels.zip,Original_Panel_Archive/reassembled/Figure_7_Reassembled_Original_Panels.tiff,494948,8ee341a8a180cff6f4457cc216e6e3ef0ded434ca0308e8c5b8e775593516619
JCM_Author_Reproducibility_Archive.zip!/Independent_Source_Panels/Original_165_Panels.zip,Original_Panel_Archive/supporting_elements/Figure_S10_Shared_Title.tiff,442648,e3b6832138c31412f3046be6ddfb7cd08b629542da2c1a63438e18c3726ca41f
JCM_Author_Reproducibility_Archive.zip!/Independent_Source_Panels/Original_165_Panels.zip,Original_Panel_Archive/supporting_elements/Figure_S2_Shared_Legend_or_Footnote.tiff,178762,a785c8cae0a8587ffc53770f448b534878e26a5c4e168bfc4480f83113e16ea9
JCM_Author_Reproducibility_Archive.zip!/Independent_Source_Panels/Original_165_Panels.zip,Original_Panel_Archive/supporting_elements/Figure_S2_Shared_Title.tiff,215382,db338c537ad445af743dcebec68ac472790361a00e418f17a65a2123b3ac1114
JCM_Author_Reproducibility_Archive.zip!/Independent_Source_Panels/Original_165_Panels.zip,Original_Panel_Archive/supporting_elements/Figure_S3_Shared_Title.tiff,191604,7d8755ff273e88c6810e79a182da3b8e7d3678509cfeb0474d5654d666e12b58
JCM_Author_Reproducibility_Archive.zip!/Independent_Source_Panels/Original_165_Panels.zip,Original_Panel_Archive/supporting_elements/Figure_S4_Shared_Title.tiff,194102,b06e0bfaf192979125200b5d3ec18c231e8b9eb2f3a15f25c83a03833a9f4dda
JCM_Author_Reproducibility_Archive.zip!/Independent_Source_Panels/Original_165_Panels.zip,Original_Panel_Archive/supporting_elements/Figure_S5_Shared_Legend_or_Footnote.tiff,194672,8b4629f8c8a59dc276cd40a9ebef8be88740a2afe531216624901d1874249f6c
JCM_Author_Reproducibility_Archive.zip!/Independent_Source_Panels/Original_165_Panels.zip,Original_Panel_Archive/supporting_elements/Figure_S5_Shared_Title.tiff,238148,5cb5439fc43154d902de852667deabe255f65eb4f9ff159ffe1d921a5ada2928
JCM_Author_Reproducibility_Archive.zip!/Independent_Source_Panels/Original_165_Panels.zip,Original_Panel_Archive/supporting_elements/Figure_S6_Shared_Title.tiff,426210,7d1c4c741e706187c3bd578133feb9562360628884e26bbe360e8747de0c6d69
JCM_Author_Reproducibility_Archive.zip!/Independent_Source_Panels/Original_165_Panels.zip,Original_Panel_Archive/supporting_elements/Figure_S7_Shared_Title.tiff,403388,6caef4d0a4967f2042305d0994cf83778b17a99422ff50a2ff9272a5a3b627e5
JCM_Author_Reproducibility_Archive.zip!/Independent_Source_Panels/Original_165_Panels.zip,Original_Panel_Archive/supporting_elements/Figure_S8_Shared_Title.tiff,420164,d7a62e43198f2e3c7774e3753fce5e5d49087e187977952f5bc564db94090c21
JCM_Author_Reproducibility_Archive.zip!/Independent_Source_Panels/Original_165_Panels.zip,Original_Panel_Archive/supporting_elements/Figure_S9_Shared_Title.tiff,434900,52951e0a4eb494356ac16c6860492ce9c8cacecffe7af3f170500f41b97e0ba6
