compartment,ko_label,ko_class,seed_a,seed_b,jaccard_top20
Endothelial,ABL1,drug_target,20260904,20260911.0,0.2903225806451613
Endothelial,ABL1,drug_target,20260904,20260918.0,0.2903225806451613
Endothelial,ABL1,drug_target,20260911,20260918.0,0.3793103448275862
Endothelial,ACO1,dili_anchor,20260904,20260911.0,0.25
Endothelial,ACO1,dili_anchor,20260904,20260918.0,0.21212121212121213
Endothelial,ACO1,dili_anchor,20260911,20260918.0,0.2903225806451613
Endothelial,ALDOB,dili_anchor,20260904,20260911.0,0.2903225806451613
Endothelial,ALDOB,dili_anchor,20260904,20260918.0,0.25
Endothelial,ALDOB,dili_anchor,20260911,20260918.0,0.3333333333333333
Endothelial,ASS1,dili_anchor,20260904,20260911.0,0.3793103448275862
Endothelial,ASS1,dili_anchor,20260904,20260918.0,0.3333333333333333
Endothelial,ASS1,dili_anchor,20260911,20260918.0,0.3333333333333333
Endothelial,CDK4,drug_target,20260904,20260911.0,0.3333333333333333
Endothelial,CDK4,drug_target,20260904,20260918.0,0.3793103448275862
Endothelial,CDK4,drug_target,20260911,20260918.0,0.48148148148148145
Endothelial,CES1,dili_anchor,20260904,20260911.0,0.3793103448275862
Endothelial,CES1,dili_anchor,20260904,20260918.0,0.05263157894736842
Endothelial,CES1,dili_anchor,20260911,20260918.0,0.05263157894736842
Endothelial,CPS1,dili_anchor,20260904,20260911.0,0.25
Endothelial,CPS1,dili_anchor,20260904,20260918.0,0.1111111111111111
Endothelial,CPS1,dili_anchor,20260911,20260918.0,0.3793103448275862
Endothelial,FBP1,dili_anchor,20260904,20260911.0,0.3333333333333333
Endothelial,FBP1,dili_anchor,20260904,20260918.0,0.3333333333333333
Endothelial,FBP1,dili_anchor,20260911,20260918.0,0.3793103448275862
Endothelial,FGFR1,drug_target,20260904,20260911.0,0.14285714285714285
Endothelial,FGFR1,drug_target,20260904,20260918.0,0.08108108108108109
Endothelial,FGFR1,drug_target,20260911,20260918.0,0.3333333333333333
Endothelial,FGFR3,drug_target,20260904,20260911.0,0.3793103448275862
Endothelial,FGFR3,drug_target,20260904,20260918.0,0.3333333333333333
Endothelial,FGFR3,drug_target,20260911,20260918.0,0.2903225806451613
Endothelial,FLT1,drug_target,20260904,20260911.0,0.3333333333333333
Endothelial,FLT1,drug_target,20260904,20260918.0,0.48148148148148145
Endothelial,FLT1,drug_target,20260911,20260918.0,0.3793103448275862
Endothelial,FLT4,drug_target,20260904,20260911.0,0.42857142857142855
Endothelial,FLT4,drug_target,20260904,20260918.0,0.3333333333333333
Endothelial,FLT4,drug_target,20260911,20260918.0,0.48148148148148145
Endothelial,GSTA1,dili_anchor,20260904,20260911.0,0.3333333333333333
Endothelial,GSTA1,dili_anchor,20260904,20260918.0,0.3333333333333333
Endothelial,GSTA1,dili_anchor,20260911,20260918.0,0.42857142857142855
Endothelial,HPD,dili_anchor,20260904,20260911.0,0.2903225806451613
Endothelial,HPD,dili_anchor,20260904,20260918.0,0.3793103448275862
Endothelial,HPD,dili_anchor,20260911,20260918.0,0.42857142857142855
Endothelial,JAK1,drug_target,20260904,20260911.0,0.3793103448275862
Endothelial,JAK1,drug_target,20260904,20260918.0,0.14285714285714285
Endothelial,JAK1,drug_target,20260911,20260918.0,0.08108108108108109
Endothelial,KDR+FLT1+FLT4+FGFR1+FGFR3+PDGFRA,canonical_poly_target,20260904,20260911.0,0.42857142857142855
Endothelial,KDR+FLT1+FLT4+FGFR1+FGFR3+PDGFRA,canonical_poly_target,20260904,20260918.0,0.42857142857142855
Endothelial,KDR+FLT1+FLT4+FGFR1+FGFR3+PDGFRA,canonical_poly_target,20260911,20260918.0,0.42857142857142855
Endothelial,KDR,drug_target,20260904,20260911.0,0.42857142857142855
Endothelial,KDR,drug_target,20260904,20260918.0,0.48148148148148145
Endothelial,KDR,drug_target,20260911,20260918.0,0.42857142857142855
Endothelial,LRRK2,drug_target,20260904,20260911.0,0.3333333333333333
Endothelial,LRRK2,drug_target,20260904,20260918.0,0.3333333333333333
Endothelial,LRRK2,drug_target,20260911,20260918.0,0.3793103448275862
Endothelial,LYN,drug_target,20260904,20260911.0,0.14285714285714285
Endothelial,LYN,drug_target,20260904,20260918.0,0.25
Endothelial,LYN,drug_target,20260911,20260918.0,0.42857142857142855
Endothelial,OTC,dili_anchor,20260904,20260911.0,0.08108108108108109
Endothelial,OTC,dili_anchor,20260904,20260918.0,0.08108108108108109
Endothelial,OTC,dili_anchor,20260911,20260918.0,0.42857142857142855
Endothelial,PCK2,dili_anchor,20260904,20260911.0,0.25
Endothelial,PCK2,dili_anchor,20260904,20260918.0,0.3793103448275862
Endothelial,PCK2,dili_anchor,20260911,20260918.0,0.3793103448275862
Endothelial,PDGFRA,drug_target,20260904,20260911.0,0.48148148148148145
Endothelial,PDGFRA,drug_target,20260904,20260918.0,0.17647058823529413
Endothelial,PDGFRA,drug_target,20260911,20260918.0,0.08108108108108109
Endothelial,TYK2,drug_target,20260904,20260911.0,0.3333333333333333
Endothelial,TYK2,drug_target,20260904,20260918.0,0.3333333333333333
Endothelial,TYK2,drug_target,20260911,20260918.0,0.48148148148148145
Hepatocyte,ABL1,drug_target,20260904,20260911.0,0.14285714285714285
Hepatocyte,ABL1,drug_target,20260904,20260918.0,0.08108108108108109
Hepatocyte,ABL1,drug_target,20260911,20260918.0,0.17647058823529413
Hepatocyte,ACO1,dili_anchor,20260904,20260911.0,0.05263157894736842
Hepatocyte,ACO1,dili_anchor,20260904,20260918.0,0.02564102564102564
Hepatocyte,ACO1,dili_anchor,20260911,20260918.0,0.08108108108108109
Hepatocyte,ALDOB,dili_anchor,20260904,20260911.0,0.1111111111111111
Hepatocyte,ALDOB,dili_anchor,20260904,20260918.0,0.02564102564102564
Hepatocyte,ALDOB,dili_anchor,20260911,20260918.0,0.0
Hepatocyte,ASS1,dili_anchor,20260904,20260911.0,0.05263157894736842
Hepatocyte,ASS1,dili_anchor,20260904,20260918.0,0.0
Hepatocyte,ASS1,dili_anchor,20260911,20260918.0,0.02564102564102564
Hepatocyte,CDK4,drug_target,20260904,20260911.0,0.14285714285714285
Hepatocyte,CDK4,drug_target,20260904,20260918.0,0.08108108108108109
Hepatocyte,CDK4,drug_target,20260911,20260918.0,0.05263157894736842
Hepatocyte,CES1,dili_anchor,20260904,20260911.0,0.14285714285714285
Hepatocyte,CES1,dili_anchor,20260904,20260918.0,0.02564102564102564
Hepatocyte,CES1,dili_anchor,20260911,20260918.0,0.02564102564102564
Hepatocyte,CPS1,dili_anchor,20260904,20260911.0,0.17647058823529413
Hepatocyte,CPS1,dili_anchor,20260904,20260918.0,0.02564102564102564
Hepatocyte,CPS1,dili_anchor,20260911,20260918.0,0.0
Hepatocyte,DMGDH,dili_anchor,20260904,20260911.0,0.08108108108108109
Hepatocyte,DMGDH,dili_anchor,20260904,20260918.0,0.0
Hepatocyte,DMGDH,dili_anchor,20260911,20260918.0,0.02564102564102564
Hepatocyte,FAH,dili_anchor,20260904,20260911.0,0.1111111111111111
Hepatocyte,FAH,dili_anchor,20260904,20260918.0,0.05263157894736842
Hepatocyte,FAH,dili_anchor,20260911,20260918.0,0.14285714285714285
Hepatocyte,FBP1,dili_anchor,20260904,20260911.0,0.05263157894736842
Hepatocyte,FBP1,dili_anchor,20260904,20260918.0,0.0
Hepatocyte,FBP1,dili_anchor,20260911,20260918.0,0.02564102564102564
Hepatocyte,FGFR2,drug_target,20260904,20260911.0,0.08108108108108109
Hepatocyte,FGFR2,drug_target,20260904,20260918.0,0.1111111111111111
Hepatocyte,FGFR2,drug_target,20260911,20260918.0,0.05263157894736842
Hepatocyte,FGFR3,drug_target,20260904,20260911.0,0.08108108108108109
Hepatocyte,FGFR3,drug_target,20260904,20260918.0,0.0
Hepatocyte,FGFR3,drug_target,20260911,20260918.0,0.02564102564102564
Hepatocyte,FGFR4,drug_target,20260904,20260911.0,0.08108108108108109
Hepatocyte,FGFR4,drug_target,20260904,20260918.0,0.14285714285714285
Hepatocyte,FGFR4,drug_target,20260911,20260918.0,0.05263157894736842
Hepatocyte,FLT1,drug_target,20260904,20260911.0,0.08108108108108109
Hepatocyte,FLT1,drug_target,20260904,20260918.0,0.08108108108108109
Hepatocyte,FLT1,drug_target,20260911,20260918.0,0.05263157894736842
Hepatocyte,GSTA1,dili_anchor,20260904,20260911.0,0.08108108108108109
Hepatocyte,GSTA1,dili_anchor,20260904,20260918.0,0.02564102564102564
Hepatocyte,GSTA1,dili_anchor,20260911,20260918.0,0.0
Hepatocyte,HPD,dili_anchor,20260904,20260911.0,0.14285714285714285
Hepatocyte,HPD,dili_anchor,20260904,20260918.0,0.02564102564102564
Hepatocyte,HPD,dili_anchor,20260911,20260918.0,0.05263157894736842
Hepatocyte,JAK1,drug_target,20260904,20260911.0,0.05263157894736842
Hepatocyte,JAK1,drug_target,20260904,20260918.0,0.05263157894736842
Hepatocyte,JAK1,drug_target,20260911,20260918.0,0.08108108108108109
Hepatocyte,KDR+FLT1+FGFR2+FGFR3,canonical_poly_target,20260904,20260911.0,0.1111111111111111
Hepatocyte,KDR+FLT1+FGFR2+FGFR3,canonical_poly_target,20260904,20260918.0,0.0
Hepatocyte,KDR+FLT1+FGFR2+FGFR3,canonical_poly_target,20260911,20260918.0,0.0
Hepatocyte,KDR,drug_target,20260904,20260911.0,0.1111111111111111
Hepatocyte,KDR,drug_target,20260904,20260918.0,0.1111111111111111
Hepatocyte,KDR,drug_target,20260911,20260918.0,0.1111111111111111
Hepatocyte,LECT2,dili_anchor,20260904,20260911.0,0.14285714285714285
Hepatocyte,LECT2,dili_anchor,20260904,20260918.0,0.0
Hepatocyte,LECT2,dili_anchor,20260911,20260918.0,0.0
Hepatocyte,LYN,drug_target,20260904,20260911.0,0.1111111111111111
Hepatocyte,LYN,drug_target,20260904,20260918.0,0.02564102564102564
Hepatocyte,LYN,drug_target,20260911,20260918.0,0.08108108108108109
Hepatocyte,MET,drug_target,20260904,20260911.0,0.08108108108108109
Hepatocyte,MET,drug_target,20260904,20260918.0,0.1111111111111111
Hepatocyte,MET,drug_target,20260911,20260918.0,0.1111111111111111
Hepatocyte,OTC,dili_anchor,20260904,20260911.0,0.02564102564102564
Hepatocyte,OTC,dili_anchor,20260904,20260918.0,0.02564102564102564
Hepatocyte,OTC,dili_anchor,20260911,20260918.0,0.02564102564102564
Hepatocyte,PCK2,dili_anchor,20260904,20260911.0,0.14285714285714285
Hepatocyte,PCK2,dili_anchor,20260904,20260918.0,0.02564102564102564
Hepatocyte,PCK2,dili_anchor,20260911,20260918.0,0.02564102564102564
Hepatocyte,TYK2,drug_target,20260904,20260911.0,0.08108108108108109
Hepatocyte,TYK2,drug_target,20260904,20260918.0,0.05263157894736842
Hepatocyte,TYK2,drug_target,20260911,20260918.0,0.08108108108108109
Macrophage,ABL1,drug_target,20260904,20260911.0,0.3333333333333333
Macrophage,ABL1,drug_target,20260904,20260918.0,0.17647058823529413
Macrophage,ABL1,drug_target,20260911,20260918.0,0.25
Macrophage,ACO1,dili_anchor,20260904,20260911.0,0.21212121212121213
Macrophage,ACO1,dili_anchor,20260904,20260918.0,0.3333333333333333
Macrophage,ACO1,dili_anchor,20260911,20260918.0,0.17647058823529413
Macrophage,ALDOB,dili_anchor,20260904,20260911.0,0.3793103448275862
Macrophage,ALDOB,dili_anchor,20260904,20260918.0,0.42857142857142855
Macrophage,ALDOB,dili_anchor,20260911,20260918.0,0.2903225806451613
Macrophage,ASS1,dili_anchor,20260904,20260911.0,0.1111111111111111
Macrophage,ASS1,dili_anchor,20260904,20260918.0,0.3793103448275862
Macrophage,ASS1,dili_anchor,20260911,20260918.0,0.14285714285714285
Macrophage,AXL,drug_target,20260904,20260911.0,0.48148148148148145
Macrophage,AXL,drug_target,20260904,20260918.0,0.48148148148148145
Macrophage,AXL,drug_target,20260911,20260918.0,0.48148148148148145
Macrophage,CDK4,drug_target,20260904,20260911.0,0.21212121212121213
Macrophage,CDK4,drug_target,20260904,20260918.0,0.5384615384615384
Macrophage,CDK4,drug_target,20260911,20260918.0,0.25
Macrophage,CES1,dili_anchor,20260904,20260911.0,0.2903225806451613
Macrophage,CES1,dili_anchor,20260904,20260918.0,0.42857142857142855
Macrophage,CES1,dili_anchor,20260911,20260918.0,0.21212121212121213
Macrophage,CPS1,dili_anchor,20260904,20260911.0,0.25
Macrophage,CPS1,dili_anchor,20260904,20260918.0,0.21212121212121213
Macrophage,CPS1,dili_anchor,20260911,20260918.0,0.14285714285714285
Macrophage,FAH,dili_anchor,20260904,20260911.0,0.3333333333333333
Macrophage,FAH,dili_anchor,20260904,20260918.0,0.21212121212121213
Macrophage,FAH,dili_anchor,20260911,20260918.0,0.17647058823529413
Macrophage,FBP1,dili_anchor,20260904,20260911.0,0.1111111111111111
Macrophage,FBP1,dili_anchor,20260904,20260918.0,0.25
Macrophage,FBP1,dili_anchor,20260911,20260918.0,0.1111111111111111
Macrophage,FGFR1,drug_target,20260904,,
Macrophage,FLT1,drug_target,20260904,20260911.0,0.2903225806451613
Macrophage,FLT1,drug_target,20260904,20260918.0,0.17647058823529413
Macrophage,FLT1,drug_target,20260911,20260918.0,0.17647058823529413
Macrophage,FLT3,drug_target,20260904,20260911.0,0.6
Macrophage,FLT3,drug_target,20260904,20260918.0,0.3793103448275862
Macrophage,FLT3,drug_target,20260911,20260918.0,0.5384615384615384
Macrophage,GSTA1,dili_anchor,20260904,20260911.0,0.3333333333333333
Macrophage,GSTA1,dili_anchor,20260904,20260918.0,0.17647058823529413
Macrophage,GSTA1,dili_anchor,20260911,20260918.0,0.17647058823529413
Macrophage,HPD,dili_anchor,20260904,20260911.0,0.17647058823529413
Macrophage,HPD,dili_anchor,20260904,20260918.0,0.3793103448275862
Macrophage,HPD,dili_anchor,20260911,20260918.0,0.25
Macrophage,JAK1,drug_target,20260904,20260911.0,0.17647058823529413
Macrophage,JAK1,drug_target,20260904,20260918.0,0.21212121212121213
Macrophage,JAK1,drug_target,20260911,20260918.0,0.17647058823529413
Macrophage,KDR+FLT1+FGFR1,canonical_poly_target,20260904,,
Macrophage,KDR,drug_target,20260904,20260911.0,0.21212121212121213
Macrophage,KDR,drug_target,20260904,20260918.0,0.1111111111111111
Macrophage,KDR,drug_target,20260911,20260918.0,0.08108108108108109
Macrophage,LRRK2,drug_target,20260904,20260911.0,0.3793103448275862
Macrophage,LRRK2,drug_target,20260904,20260918.0,0.17647058823529413
Macrophage,LRRK2,drug_target,20260911,20260918.0,0.21212121212121213
Macrophage,LYN,drug_target,20260904,20260911.0,0.2903225806451613
Macrophage,LYN,drug_target,20260904,20260918.0,0.17647058823529413
Macrophage,LYN,drug_target,20260911,20260918.0,0.21212121212121213
Macrophage,PCK2,dili_anchor,20260904,20260911.0,0.25
Macrophage,PCK2,dili_anchor,20260904,20260918.0,0.14285714285714285
Macrophage,PCK2,dili_anchor,20260911,20260918.0,0.1111111111111111
Macrophage,TYK2,drug_target,20260904,20260911.0,0.3793103448275862
Macrophage,TYK2,drug_target,20260904,20260918.0,0.14285714285714285
Macrophage,TYK2,drug_target,20260911,20260918.0,0.14285714285714285
Macrophage,FLT4,drug_target,20260911,20260918.0,0.21212121212121213
Macrophage,KDR+FLT1+FLT4,canonical_poly_target,20260911,20260918.0,0.14285714285714285
